ref,disposition,bom_lines,bom_fp,bom_comment,sch_value,sch_fp,pcb_value,pcb_fp,pcb_side,pcb_attr,pcb_count,paste,value_check,value_note,fp_check,fp_note
A1,SCH+PCB not BOM: THT -> hand-solder,,,,Electrosmith_Daisy_Seed_Rev4,Retroactive_Custom_Parts:Electrosmith_Daisy_Seed_Cuz,Electrosmith_Daisy_Seed_Rev4,Retroactive_Custom_Parts:Electrosmith_Daisy_Seed_Cuz,bottom,THT,1,,,,,
C1,ALL THREE,row8:C1590,0603,100nF 25V X7R ¬±10% 0603 Multilayer Ceramic Capacitors MLCC ,100NF,Capacitor_SMD:C_0603_1608Metric,100NF,Capacitor_SMD:C_0603_1608Metric,bottom,SMD,1,B,OK,100nF,OK,bom 0603 vs pcb 0603
C2,ALL THREE,row13:C1623,0603,25V 470nF X7R ¬±10% 0603 Multilayer Ceramic Capacitors MLCC ,470NF,Capacitor_SMD:C_0603_1608Metric,470NF,Capacitor_SMD:C_0603_1608Metric,bottom,SMD,1,B,OK,470nF,OK,bom 0603 vs pcb 0603
C3,ALL THREE,row13:C1623,0603,25V 470nF X7R ¬±10% 0603 Multilayer Ceramic Capacitors MLCC ,470NF,Capacitor_SMD:C_0603_1608Metric,470NF,Capacitor_SMD:C_0603_1608Metric,bottom,SMD,1,B,OK,470nF,OK,bom 0603 vs pcb 0603
C4,ALL THREE,row8:C1590,0603,100nF 25V X7R ¬±10% 0603 Multilayer Ceramic Capacitors MLCC ,100NF,Capacitor_SMD:C_0603_1608Metric,100NF,Capacitor_SMD:C_0603_1608Metric,bottom,SMD,1,B,OK,100nF,OK,bom 0603 vs pcb 0603
C5,ALL THREE,row8:C1590,0603,100nF 25V X7R ¬±10% 0603 Multilayer Ceramic Capacitors MLCC ,100NF,Capacitor_SMD:C_0603_1608Metric,100NF,Capacitor_SMD:C_0603_1608Metric,bottom,SMD,1,B,OK,100nF,OK,bom 0603 vs pcb 0603
C6,ALL THREE,row15:C3339,"SMD,D6.3xL7.7mm",-55‚ÑÉ~+105‚ÑÉ 100uF 2000hrs@105‚ÑÉ 35V 6.3mm 7.7mm ¬±20% SM,100UF,Capacitor_SMD:CP_Elec_6.3x7.7,100UF,Capacitor_SMD:CP_Elec_6.3x7.7,bottom,SMD,1,B,OK,100uF,OK,"bom SMD,D6.3xL7.7mm vs pcb CP_Elec_6.3x7.7"
C7,ALL THREE,row15:C3339,"SMD,D6.3xL7.7mm",-55‚ÑÉ~+105‚ÑÉ 100uF 2000hrs@105‚ÑÉ 35V 6.3mm 7.7mm ¬±20% SM,100UF,Capacitor_SMD:CP_Elec_6.3x7.7,100UF,Capacitor_SMD:CP_Elec_6.3x7.7,bottom,SMD,1,B,OK,100uF,OK,"bom SMD,D6.3xL7.7mm vs pcb CP_Elec_6.3x7.7"
C8,ALL THREE,row8:C1590,0603,100nF 25V X7R ¬±10% 0603 Multilayer Ceramic Capacitors MLCC ,100NF,Capacitor_SMD:C_0603_1608Metric,100NF,Capacitor_SMD:C_0603_1608Metric,bottom,SMD,1,B,OK,100nF,OK,bom 0603 vs pcb 0603
C9,ALL THREE,row21:C1607,0603,10V 2.2uF X5R ¬±10% 0603 Multilayer Ceramic Capacitors MLCC ,2.2UF,Capacitor_SMD:C_0603_1608Metric,2.2UF,Capacitor_SMD:C_0603_1608Metric,bottom,SMD,1,B,OK,2.2uF,OK,bom 0603 vs pcb 0603
C10,ALL THREE,row13:C1623,0603,25V 470nF X7R ¬±10% 0603 Multilayer Ceramic Capacitors MLCC ,470NF,Capacitor_SMD:C_0603_1608Metric,470NF,Capacitor_SMD:C_0603_1608Metric,bottom,SMD,1,B,OK,470nF,OK,bom 0603 vs pcb 0603
C11,ALL THREE,row8:C1590,0603,100nF 25V X7R ¬±10% 0603 Multilayer Ceramic Capacitors MLCC ,100NF,Capacitor_SMD:C_0603_1608Metric,100NF,Capacitor_SMD:C_0603_1608Metric,bottom,SMD,1,B,OK,100nF,OK,bom 0603 vs pcb 0603
C12,ALL THREE,row25:C1705,0603,10V 4.7uF X5R ¬±10% 0603 Multilayer Ceramic Capacitors MLCC ,4.7UF,Capacitor_SMD:C_0603_1608Metric,4.7UF,Capacitor_SMD:C_0603_1608Metric,bottom,SMD,1,B,OK,4.7uF,OK,bom 0603 vs pcb 0603
C13,ALL THREE,row21:C1607,0603,10V 2.2uF X5R ¬±10% 0603 Multilayer Ceramic Capacitors MLCC ,2.2UF,Capacitor_SMD:C_0603_1608Metric,2.2UF,Capacitor_SMD:C_0603_1608Metric,bottom,SMD,1,B,OK,2.2uF,OK,bom 0603 vs pcb 0603
C14,ALL THREE,row8:C1590,0603,100nF 25V X7R ¬±10% 0603 Multilayer Ceramic Capacitors MLCC ,100NF,Capacitor_SMD:C_0603_1608Metric,100NF,Capacitor_SMD:C_0603_1608Metric,bottom,SMD,1,B,OK,100nF,OK,bom 0603 vs pcb 0603
C15,ALL THREE,row15:C3339,"SMD,D6.3xL7.7mm",-55‚ÑÉ~+105‚ÑÉ 100uF 2000hrs@105‚ÑÉ 35V 6.3mm 7.7mm ¬±20% SM,100UF,Capacitor_SMD:CP_Elec_6.3x7.7,100UF,Capacitor_SMD:CP_Elec_6.3x7.7,bottom,SMD,1,B,OK,100uF,OK,"bom SMD,D6.3xL7.7mm vs pcb CP_Elec_6.3x7.7"
C16,ALL THREE,row8:C1590,0603,100nF 25V X7R ¬±10% 0603 Multilayer Ceramic Capacitors MLCC ,100NF,Capacitor_SMD:C_0603_1608Metric,100NF,Capacitor_SMD:C_0603_1608Metric,bottom,SMD,1,B,OK,100nF,OK,bom 0603 vs pcb 0603
C17,ALL THREE,row15:C3339,"SMD,D6.3xL7.7mm",-55‚ÑÉ~+105‚ÑÉ 100uF 2000hrs@105‚ÑÉ 35V 6.3mm 7.7mm ¬±20% SM,100UF,Capacitor_SMD:CP_Elec_6.3x7.7,100UF,Capacitor_SMD:CP_Elec_6.3x7.7,bottom,SMD,1,B,OK,100uF,OK,"bom SMD,D6.3xL7.7mm vs pcb CP_Elec_6.3x7.7"
C18,ALL THREE,row15:C3339,"SMD,D6.3xL7.7mm",-55‚ÑÉ~+105‚ÑÉ 100uF 2000hrs@105‚ÑÉ 35V 6.3mm 7.7mm ¬±20% SM,100UF,Capacitor_SMD:CP_Elec_6.3x7.7,100UF,Capacitor_SMD:CP_Elec_6.3x7.7,bottom,SMD,1,B,OK,100uF,OK,"bom SMD,D6.3xL7.7mm vs pcb CP_Elec_6.3x7.7"
C19,ALL THREE,row15:C3339,"SMD,D6.3xL7.7mm",-55‚ÑÉ~+105‚ÑÉ 100uF 2000hrs@105‚ÑÉ 35V 6.3mm 7.7mm ¬±20% SM,100UF,Capacitor_SMD:CP_Elec_6.3x7.7,100UF,Capacitor_SMD:CP_Elec_6.3x7.7,bottom,SMD,1,B,OK,100uF,OK,"bom SMD,D6.3xL7.7mm vs pcb CP_Elec_6.3x7.7"
C20,ALL THREE,row15:C3339,"SMD,D6.3xL7.7mm",-55‚ÑÉ~+105‚ÑÉ 100uF 2000hrs@105‚ÑÉ 35V 6.3mm 7.7mm ¬±20% SM,100UF,Capacitor_SMD:CP_Elec_6.3x7.7,100UF,Capacitor_SMD:CP_Elec_6.3x7.7,bottom,SMD,1,B,OK,100uF,OK,"bom SMD,D6.3xL7.7mm vs pcb CP_Elec_6.3x7.7"
C21,ALL THREE,row15:C3339,"SMD,D6.3xL7.7mm",-55‚ÑÉ~+105‚ÑÉ 100uF 2000hrs@105‚ÑÉ 35V 6.3mm 7.7mm ¬±20% SM,100UF,Capacitor_SMD:CP_Elec_6.3x7.7,100UF,Capacitor_SMD:CP_Elec_6.3x7.7,bottom,SMD,1,B,OK,100uF,OK,"bom SMD,D6.3xL7.7mm vs pcb CP_Elec_6.3x7.7"
C22,ALL THREE,row15:C3339,"SMD,D6.3xL7.7mm",-55‚ÑÉ~+105‚ÑÉ 100uF 2000hrs@105‚ÑÉ 35V 6.3mm 7.7mm ¬±20% SM,100UF,Capacitor_SMD:CP_Elec_6.3x7.7,100UF,Capacitor_SMD:CP_Elec_6.3x7.7,bottom,SMD,1,B,OK,100uF,OK,"bom SMD,D6.3xL7.7mm vs pcb CP_Elec_6.3x7.7"
C23,SCH+PCB not BOM: THT -> hand-solder,,,,100NF,Capacitor_THT:C_Axial_L3.8mm_D2.6mm_P7.50mm_Horizontal,100NF,Capacitor_THT:C_Axial_L3.8mm_D2.6mm_P7.50mm_Horizontal,bottom,THT,1,,,,,
C24,SCH+PCB not BOM: THT -> hand-solder,,,,100UF,Capacitor_THT:CP_Radial_D6.3mm_P2.50mm,100UF,Capacitor_THT:CP_Radial_D6.3mm_P2.50mm,bottom,THT,1,,,,,
C25,ALL THREE,row34:C15850,0805,10uF 25V X5R ±10% 0805 Multilayer Ceramic Capacitors MLCC - ,10UF,Capacitor_SMD:C_0805_2012Metric_Pad1.18x1.45mm_HandSolder,10UF,Capacitor_SMD:C_0805_2012Metric_Pad1.18x1.45mm_HandSolder,bottom,SMD,1,B,OK,10uF,OK,bom 0805 vs pcb 0805
C26,ALL THREE,row35:C45783,0805,22uF 25V X5R ±20% 0805 Multilayer Ceramic Capacitors MLCC - ,22UF,Capacitor_SMD:C_0805_2012Metric_Pad1.18x1.45mm_HandSolder,22UF,Capacitor_SMD:C_0805_2012Metric_Pad1.18x1.45mm_HandSolder,bottom,SMD,1,B,OK,22uF,OK,bom 0805 vs pcb 0805
D1,ALL THREE,row2:C385198,SOD-323,1 Independent 1A 20V 40uA@15V 540mV@1A 5A SOD-323 Schottky D,D_Schottky,Diode_SMD:D_SOD-323,D_Schottky,Diode_SMD:D_SOD-323,bottom,SMD,1,B,OK,Schottky,OK,bom SOD-323 vs pcb D_SOD-323
D2,ALL THREE,row3:C727114,SOD-323,-55_~+150_ 1A 1mA 20V 750mV@3A 9A Independent SOD-323 Schott,D_Schottky,Diode_SMD:D_SOD-323,D_Schottky,Diode_SMD:D_SOD-323,bottom,SMD,1,B,OK,Schottky,OK,bom SOD-323 vs pcb D_SOD-323
D3,ALL THREE,row3:C727114,SOD-323,-55_~+150_ 1A 1mA 20V 750mV@3A 9A Independent SOD-323 Schott,D_Schottky,Diode_SMD:D_SOD-323,D_Schottky,Diode_SMD:D_SOD-323,bottom,SMD,1,B,OK,Schottky,OK,bom SOD-323 vs pcb D_SOD-323
D4,ALL THREE,row3:C727114,SOD-323,-55_~+150_ 1A 1mA 20V 750mV@3A 9A Independent SOD-323 Schott,D_Schottky,Diode_SMD:D_SOD-323,D_Schottky,Diode_SMD:D_SOD-323,bottom,SMD,1,B,OK,Schottky,OK,bom SOD-323 vs pcb D_SOD-323
D5,ALL THREE,row3:C727114,SOD-323,-55_~+150_ 1A 1mA 20V 750mV@3A 9A Independent SOD-323 Schott,D_Schottky,Diode_SMD:D_SOD-323,D_Schottky,Diode_SMD:D_SOD-323,bottom,SMD,1,B,OK,Schottky,OK,bom SOD-323 vs pcb D_SOD-323
D6,ALL THREE,row3:C727114,SOD-323,-55_~+150_ 1A 1mA 20V 750mV@3A 9A Independent SOD-323 Schott,D_Schottky,Diode_SMD:D_SOD-323,D_Schottky,Diode_SMD:D_SOD-323,bottom,SMD,1,B,OK,Schottky,OK,bom SOD-323 vs pcb D_SOD-323
ENCL1,SCH+PCB not BOM: THT -> hand-solder,,,,RotaryEncoder_Switch,Retroactive_Custom_Parts:RotaryEncoder_Alps_Vertical_H20mm,RotaryEncoder_Switch,Retroactive_Custom_Parts:RotaryEncoder_Alps_Vertical_H20mm,top,THT,1,,,,,
ENCR1,SCH+PCB not BOM: THT -> hand-solder,,,,RotaryEncoder_Switch,Retroactive_Custom_Parts:RotaryEncoder_Alps_Vertical_H20mm,RotaryEncoder_Switch,Retroactive_Custom_Parts:RotaryEncoder_Alps_Vertical_H20mm,top,THT,1,,,,,
FB2,ALL THREE,row20:C14709,0603,-55℃~+125℃ 1 120Ω@100MHz 2A 50mΩ ±25% 0603 Ferrite Beads ROH,FerriteBead,Diode_SMD:D_0603_1608Metric,FerriteBead,Diode_SMD:D_0603_1608Metric,bottom,SMD,1,B,OK,Ferrite Beads,OK,bom 0603 vs pcb 0603
FB3,ALL THREE,row20:C14709,0603,-55℃~+125℃ 1 120Ω@100MHz 2A 50mΩ ±25% 0603 Ferrite Beads ROH,FerriteBead,Diode_SMD:D_0603_1608Metric,FerriteBead,Diode_SMD:D_0603_1608Metric,bottom,SMD,1,B,OK,Ferrite Beads,OK,bom 0603 vs pcb 0603
FB4,ALL THREE,row20:C14709,0603,-55℃~+125℃ 1 120Ω@100MHz 2A 50mΩ ±25% 0603 Ferrite Beads ROH,FerriteBead,Diode_SMD:D_0603_1608Metric,FerriteBead,Diode_SMD:D_0603_1608Metric,bottom,SMD,1,B,OK,Ferrite Beads,OK,bom 0603 vs pcb 0603
FB5,ALL THREE,row20:C14709,0603,-55℃~+125℃ 1 120Ω@100MHz 2A 50mΩ ±25% 0603 Ferrite Beads ROH,FerriteBead,Diode_SMD:D_0603_1608Metric,FerriteBead,Diode_SMD:D_0603_1608Metric,bottom,SMD,1,B,OK,Ferrite Beads,OK,bom 0603 vs pcb 0603
FB6,ALL THREE,row20:C14709,0603,-55℃~+125℃ 1 120Ω@100MHz 2A 50mΩ ±25% 0603 Ferrite Beads ROH,FerriteBead,Diode_SMD:D_0603_1608Metric,FerriteBead,Diode_SMD:D_0603_1608Metric,bottom,SMD,1,B,OK,Ferrite Beads,OK,bom 0603 vs pcb 0603
FB7,ALL THREE,row20:C14709,0603,-55℃~+125℃ 1 120Ω@100MHz 2A 50mΩ ±25% 0603 Ferrite Beads ROH,FerriteBead,Diode_SMD:D_0603_1608Metric,FerriteBead,Diode_SMD:D_0603_1608Metric,bottom,SMD,1,B,OK,Ferrite Beads,OK,bom 0603 vs pcb 0603
Headphones1,SCH+PCB not BOM: THT -> hand-solder,,,,B10k Dual,Retroactive_Custom_Parts:DualGang_Headphone_PTD902-2015K-B103,B10k Dual,Retroactive_Custom_Parts:DualGang_Headphone_PTD902-2015K-B103,bottom,THT,1,,,,,
J1,ALL THREE,row26:C114916,SMD,"-35_~+75_ 12V 2mm 3A 6.4mm DC Power Jack Surface Mount, Righ",Barrel_Jack,Retroactive_Custom_Parts:Retroactive_SMDBarrelJack_CLIFF,Barrel_Jack,Retroactive_Custom_Parts:Retroactive_SMDBarrelJack_CLIFF,bottom,SMD,1,B,OK,DC Power Jack,OK(generic),bom 'SMD' vs pcb Retroactive_SMDBarrelJack_CLIFF
J3,SCH+PCB not BOM: THT -> hand-solder,,,,MIDI OUTPUT,Connector_Audio:Jack_3.5mm_CUI_RetroactiveCustom,MIDI OUTPUT,Connector_Audio:Jack_3.5mm_CUI_RetroactiveCustom,bottom,THT,1,,,,,
J4,SCH+PCB not BOM: THT -> hand-solder,,,,AUDIO INPUT,Connector_Audio:Jack_3.5mm_CUI_RetroactiveCustom,AUDIO INPUT,Connector_Audio:Jack_3.5mm_CUI_RetroactiveCustom,bottom,THT,1,,,,,
J5,SCH+PCB not BOM: THT -> hand-solder,,,,AUDIO OUTPUT,Connector_Audio:Jack_3.5mm_CUI_RetroactiveCustom,AUDIO OUTPUT,Connector_Audio:Jack_3.5mm_CUI_RetroactiveCustom,bottom,THT,1,,,,,
J6,SCH+PCB not BOM: THT -> hand-solder,,,,MIDI INPUT,Connector_Audio:Jack_3.5mm_CUI_RetroactiveCustom,MIDI INPUT,Connector_Audio:Jack_3.5mm_CUI_RetroactiveCustom,bottom,THT,1,,,,,
J7,SCH+PCB not BOM: THT -> hand-solder,,,,PHONES,Connector_Audio:Jack_3.5mm_CUI_RetroactiveCustom,PHONES,Connector_Audio:Jack_3.5mm_CUI_RetroactiveCustom,bottom,THT,1,,,,,
J8,SCH+PCB not BOM: THT -> hand-solder,,,,NHD-2.7-12864WDW3,Retroactive_Custom_Parts:Newhaven2.7_OLED,NHD-2.7-12864WDW3,Retroactive_Custom_Parts:Newhaven2.7_OLED,top,THT,1,,,,,
L1,ALL THREE,row33:C237554,0806,1.4A 168mΩ 2.2uH 2A ±20% 0806 Power Inductors ROHS,2.2UH DFE201610P-2R2M=P2,Inductor_SMD:L_0805_2012Metric,2.2UH DFE201610P-2R2M=P2,Inductor_SMD:L_0805_2012Metric,bottom,SMD,1,B,OK,2.2uH,MISMATCH,bom 0806 vs pcb 0805
LED1,SCH+PCB not BOM: SMD -> assembly gap,,,,CLS6B-FKW,Retroactive_Custom_Parts:LED_RGB_5050-6_Retroactive Pin Out,CLS6B-FKW,Retroactive_Custom_Parts:LED_RGB_5050-6_Retroactive Pin Out,top,SMD,1,F,,,,
LED2,SCH+PCB not BOM: SMD -> assembly gap,,,,CLS6B-FKW,Retroactive_Custom_Parts:LED_RGB_5050-6_Retroactive Pin Out,CLS6B-FKW,Retroactive_Custom_Parts:LED_RGB_5050-6_Retroactive Pin Out,top,SMD,1,F,,,,
MK1,SCH+PCB not BOM: THT -> hand-solder,,,,Microphone_Condenser,Sensor_Audio:POM-2244P-C3310-2-R,Microphone_Condenser,Sensor_Audio:POM-2244P-C3310-2-R,top,THT,1,,,,,
P1,ALL THREE,row9:C114218,SMD,-25‚ÑÉ~+85‚ÑÉ 1.68mm Connector and Ejector MicroSD Card (TF ,Micro_SD_Card_Det2,Connector_Card:microSD_HC_Hirose_DM3AT-SF-PEJM5,Micro_SD_Card_Det2,Connector_Card:microSD_HC_Hirose_DM3AT-SF-PEJM5,bottom,SMD,1,B,OK,MicroSD,OK(generic),bom 'SMD' vs pcb microSD_HC_Hirose_DM3AT-SF-PEJM5
P2,ALL THREE,row17:C393939,SMD,"-40‚ÑÉ~+85‚ÑÉ 1 10,000 Cycles 16P 30V 3A Black Female Surfac",USB_C31-S-RA-CS2-SMT-BK-T/R,Connector_USB:USB_C_Receptacle_GCT_USB4105-xx-A_16P_TopMnt_Horizontal,USB_C31-S-RA-CS2-SMT-BK-T/R,Connector_USB:USB_C_Receptacle_GCT_USB4105-xx-A_16P_TopMnt_Horizontal,bottom,SMD,1,B,OK,Type-C,OK(generic),bom 'SMD' vs pcb USB_C_Receptacle_GCT_USB4105-xx-A_16P_TopMnt_Horizontal
Q1,ALL THREE,row37:C20526,SOT-23,-55℃~+150℃ 1 NPN 100 100nA 200mA 200mW 300MHz 300mV 40V 6V N,MMBT3904,Package_TO_SOT_SMD:SOT-23,MMBT3904,Package_TO_SOT_SMD:SOT-23,bottom,SMD,1,B,OK,NPN,OK,bom SOT-23 vs pcb SOT-23
Q2,ALL THREE,row37:C20526,SOT-23,-55℃~+150℃ 1 NPN 100 100nA 200mA 200mW 300MHz 300mV 40V 6V N,MMBT3904,Package_TO_SOT_SMD:SOT-23,MMBT3904,Package_TO_SOT_SMD:SOT-23,bottom,SMD,1,B,OK,NPN,OK,bom SOT-23 vs pcb SOT-23
Q3,ALL THREE,row37:C20526,SOT-23,-55℃~+150℃ 1 NPN 100 100nA 200mA 200mW 300MHz 300mV 40V 6V N,MMBT3904,Package_TO_SOT_SMD:SOT-23,MMBT3904,Package_TO_SOT_SMD:SOT-23,bottom,SMD,1,B,OK,NPN,OK,bom SOT-23 vs pcb SOT-23
Q4,ALL THREE,row37:C20526,SOT-23,-55℃~+150℃ 1 NPN 100 100nA 200mA 200mW 300MHz 300mV 40V 6V N,MMBT3904,Package_TO_SOT_SMD:SOT-23,MMBT3904,Package_TO_SOT_SMD:SOT-23,bottom,SMD,1,B,OK,NPN,OK,bom SOT-23 vs pcb SOT-23
Q5,ALL THREE,row37:C20526,SOT-23,-55℃~+150℃ 1 NPN 100 100nA 200mA 200mW 300MHz 300mV 40V 6V N,MMBT3904,Package_TO_SOT_SMD:SOT-23,MMBT3904,Package_TO_SOT_SMD:SOT-23,bottom,SMD,1,B,OK,NPN,OK,bom SOT-23 vs pcb SOT-23
Q6,ALL THREE,row37:C20526,SOT-23,-55℃~+150℃ 1 NPN 100 100nA 200mA 200mW 300MHz 300mV 40V 6V N,MMBT3904,Package_TO_SOT_SMD:SOT-23,MMBT3904,Package_TO_SOT_SMD:SOT-23,bottom,SMD,1,B,OK,NPN,OK,bom SOT-23 vs pcb SOT-23
R1,ALL THREE,row28:C22859,0603,-55℃~+155℃ 100mW 10Ω 75V Thick Film Resistor ±1% ±400ppm/℃ 0,10R,Resistor_SMD:R_0603_1608Metric,10R,Resistor_SMD:R_0603_1608Metric,bottom,SMD,1,B,OK,10Ω,OK,bom 0603 vs pcb 0603
R2,ALL THREE,row4:C21189,0603,-55‚ÑÉ~+155‚ÑÉ 0Œ© 100mW 75V Thick Film Resistor ¬±1% 0603 C,0R,Resistor_SMD:R_0603_1608Metric,0R,Resistor_SMD:R_0603_1608Metric,bottom,SMD,1,B,OK,0Ω,OK,bom 0603 vs pcb 0603
R3,ALL THREE,row4:C21189,0603,-55‚ÑÉ~+155‚ÑÉ 0Œ© 100mW 75V Thick Film Resistor ¬±1% 0603 C,0R,Resistor_SMD:R_0603_1608Metric,0R,Resistor_SMD:R_0603_1608Metric,bottom,SMD,1,B,OK,0Ω,OK,bom 0603 vs pcb 0603
R4,ALL THREE,row29:C2907549,1210,-55℃~+155℃ 200V 33Ω 500mW Thick Film Resistor ±100ppm/℃ ±5% ,33R,Resistor_SMD:R_1210_3225Metric_Pad1.30x2.65mm_HandSolder,33R,Resistor_SMD:R_1210_3225Metric_Pad1.30x2.65mm_HandSolder,bottom,SMD,1,B,OK,33Ω,OK,bom 1210 vs pcb 1210
R5,ALL THREE,row5:C1226,0603,-55℃~+155℃ 100mW 220Ω 75V Thick Film Resistor ±100ppm/℃ ±5% ,220R,Resistor_SMD:R_0603_1608Metric,220R,Resistor_SMD:R_0603_1608Metric,bottom,SMD,1,B,OK,220Ω,OK,bom 0603 vs pcb 0603
R6,ALL THREE,row7:C22966,0603,-55‚ÑÉ~+155‚ÑÉ 100mW 270Œ© 75V Thick Film Resistor ¬±1% ¬±10,270R,Resistor_SMD:R_0603_1608Metric,270R,Resistor_SMD:R_0603_1608Metric,bottom,SMD,1,B,OK,270Ω,OK,bom 0603 vs pcb 0603
R7,ALL THREE,row10:C25600,0603,-55‚ÑÉ~+155‚ÑÉ 100mW 47kŒ© 75V Thick Film Resistor ¬±100ppm/,47K,Resistor_SMD:R_0603_1608Metric,47K,Resistor_SMD:R_0603_1608Metric,bottom,SMD,1,B,OK,47kΩ,OK,bom 0603 vs pcb 0603
R8,ALL THREE,row10:C25600,0603,-55‚ÑÉ~+155‚ÑÉ 100mW 47kŒ© 75V Thick Film Resistor ¬±100ppm/,47K,Resistor_SMD:R_0603_1608Metric,47K,Resistor_SMD:R_0603_1608Metric,bottom,SMD,1,B,OK,47kΩ,OK,bom 0603 vs pcb 0603
R9,ALL THREE,row10:C25600,0603,-55‚ÑÉ~+155‚ÑÉ 100mW 47kŒ© 75V Thick Film Resistor ¬±100ppm/,47K,Resistor_SMD:R_0603_1608Metric,47K,Resistor_SMD:R_0603_1608Metric,bottom,SMD,1,B,OK,47kΩ,OK,bom 0603 vs pcb 0603
R10,ALL THREE,row10:C25600,0603,-55‚ÑÉ~+155‚ÑÉ 100mW 47kŒ© 75V Thick Film Resistor ¬±100ppm/,47K,Resistor_SMD:R_0603_1608Metric,47K,Resistor_SMD:R_0603_1608Metric,bottom,SMD,1,B,OK,47kΩ,OK,bom 0603 vs pcb 0603
R11,ALL THREE,row10:C25600,0603,-55‚ÑÉ~+155‚ÑÉ 100mW 47kŒ© 75V Thick Film Resistor ¬±100ppm/,47K,Resistor_SMD:R_0603_1608Metric,47K,Resistor_SMD:R_0603_1608Metric,bottom,SMD,1,B,OK,47kΩ,OK,bom 0603 vs pcb 0603
R12,ALL THREE,row12:C23344,0603,-55‚ÑÉ~+155‚ÑÉ 100mW 22kŒ© 75V Thick Film Resistor ¬±100ppm/,22K,Resistor_SMD:R_0603_1608Metric,22K,Resistor_SMD:R_0603_1608Metric,bottom,SMD,1,B,OK,22kΩ,OK,bom 0603 vs pcb 0603
R13,ALL THREE,row12:C23344,0603,-55‚ÑÉ~+155‚ÑÉ 100mW 22kŒ© 75V Thick Film Resistor ¬±100ppm/,22K,Resistor_SMD:R_0603_1608Metric,22K,Resistor_SMD:R_0603_1608Metric,bottom,SMD,1,B,OK,22kΩ,OK,bom 0603 vs pcb 0603
R14,ALL THREE,row14:C4216,0603,-55‚ÑÉ~+155‚ÑÉ 100mW 33kŒ© 75V Thick Film Resistor ¬±1% ¬±10,33K,Resistor_SMD:R_0603_1608Metric,33K,Resistor_SMD:R_0603_1608Metric,bottom,SMD,1,B,OK,33kΩ,OK,bom 0603 vs pcb 0603
R15,ALL THREE,row14:C4216,0603,-55‚ÑÉ~+155‚ÑÉ 100mW 33kŒ© 75V Thick Film Resistor ¬±1% ¬±10,33K,Resistor_SMD:R_0603_1608Metric,33K,Resistor_SMD:R_0603_1608Metric,bottom,SMD,1,B,OK,33kΩ,OK,bom 0603 vs pcb 0603
R16,ALL THREE,row18:C23186,0603,-55℃~+155℃ 100mW 5.1kΩ 75V Thick Film Resistor ±1% ±100ppm/℃,5K1,Resistor_SMD:R_0603_1608Metric,5K1,Resistor_SMD:R_0603_1608Metric,bottom,SMD,1,B,OK,5.1kΩ,OK,bom 0603 vs pcb 0603
R17,ALL THREE,row18:C23186,0603,-55℃~+155℃ 100mW 5.1kΩ 75V Thick Film Resistor ±1% ±100ppm/℃,5K1,Resistor_SMD:R_0603_1608Metric,5K1,Resistor_SMD:R_0603_1608Metric,bottom,SMD,1,B,OK,5.1kΩ,OK,bom 0603 vs pcb 0603
R18,ALL THREE,row22:C14675,0603,-55℃~+155℃ 100kΩ 100mW 75V Thick Film Resistor ±1% ±100ppm/℃,100K,Resistor_SMD:R_0603_1608Metric,100K,Resistor_SMD:R_0603_1608Metric,bottom,SMD,1,B,OK,100kΩ,OK,bom 0603 vs pcb 0603
R19,ALL THREE,row23:C22807,0603,"
-55‚ÑÉ~+155‚ÑÉ 100mW 150kŒ© 75V Thick Film Resistor ¬±1% ¬±",150K,Resistor_SMD:R_0603_1608Metric,150K,Resistor_SMD:R_0603_1608Metric,bottom,SMD,1,B,OK,150kΩ,OK,bom 0603 vs pcb 0603
R20,ALL THREE,row24:C4190,0603,-55‚ÑÉ~+155‚ÑÉ 100mW 2.2kŒ© 75V Thick Film Resistor ¬±1% ¬±1,2K2,Resistor_SMD:R_0603_1608Metric,2K2,Resistor_SMD:R_0603_1608Metric,bottom,SMD,1,B,OK,2.2kΩ,OK,bom 0603 vs pcb 0603
R21,ALL THREE,row30:C23025,0603,-55℃~+155℃ 100mW 300Ω 75V Thick Film Resistor ±1% ±100ppm/℃ ,300R,Resistor_SMD:R_0603_1608Metric,300R,Resistor_SMD:R_0603_1608Metric,bottom,SMD,1,B,OK,300Ω,OK,bom 0603 vs pcb 0603
R22,ALL THREE,row27:C22369937,0603,-55_~+155_ 100mW 10kΩ 75V Thick Film Resistor ±100ppm/_ ±5% ,10k,Resistor_SMD:R_0603_1608Metric,10k,Resistor_SMD:R_0603_1608Metric,bottom,SMD,1,B,OK,10kΩ,OK,bom 0603 vs pcb 0603
R23,ALL THREE,row27:C22369937,0603,-55_~+155_ 100mW 10kΩ 75V Thick Film Resistor ±100ppm/_ ±5% ,10k,Resistor_SMD:R_0603_1608Metric,10k,Resistor_SMD:R_0603_1608Metric,bottom,SMD,1,B,OK,10kΩ,OK,bom 0603 vs pcb 0603
R24,ALL THREE,row30:C23025,0603,-55℃~+155℃ 100mW 300Ω 75V Thick Film Resistor ±1% ±100ppm/℃ ,300R,Resistor_SMD:R_0603_1608Metric,300R,Resistor_SMD:R_0603_1608Metric,bottom,SMD,1,B,OK,300Ω,OK,bom 0603 vs pcb 0603
R25,ALL THREE,row30:C23025,0603,-55℃~+155℃ 100mW 300Ω 75V Thick Film Resistor ±1% ±100ppm/℃ ,300R,Resistor_SMD:R_0603_1608Metric,300R,Resistor_SMD:R_0603_1608Metric,bottom,SMD,1,B,OK,300Ω,OK,bom 0603 vs pcb 0603
R26,ALL THREE,row30:C23025,0603,-55℃~+155℃ 100mW 300Ω 75V Thick Film Resistor ±1% ±100ppm/℃ ,300R,Resistor_SMD:R_0603_1608Metric,300R,Resistor_SMD:R_0603_1608Metric,bottom,SMD,1,B,OK,300Ω,OK,bom 0603 vs pcb 0603
R27,ALL THREE,row30:C23025,0603,-55℃~+155℃ 100mW 300Ω 75V Thick Film Resistor ±1% ±100ppm/℃ ,300R,Resistor_SMD:R_0603_1608Metric,300R,Resistor_SMD:R_0603_1608Metric,bottom,SMD,1,B,OK,300Ω,OK,bom 0603 vs pcb 0603
R28,ALL THREE,row30:C23025,0603,-55℃~+155℃ 100mW 300Ω 75V Thick Film Resistor ±1% ±100ppm/℃ ,300R,Resistor_SMD:R_0603_1608Metric,300R,Resistor_SMD:R_0603_1608Metric,bottom,SMD,1,B,OK,300Ω,OK,bom 0603 vs pcb 0603
R29,ALL THREE,row31:C2960677,2512,-55℃~+155℃ 1W 200V 3.3Ω Thick Film Resistor ±200ppm/℃ ±5% 25,3.3R,Resistor_SMD:R_2512_6332Metric_Pad1.40x3.35mm_HandSolder,3.3R,Resistor_SMD:R_2512_6332Metric_Pad1.40x3.35mm_HandSolder,bottom,SMD,1,B,OK,3.3Ω,OK,bom 2512 vs pcb 2512
R30,ALL THREE,row31:C2960677,2512,-55℃~+155℃ 1W 200V 3.3Ω Thick Film Resistor ±200ppm/℃ ±5% 25,3.3R,Resistor_SMD:R_2512_6332Metric_Pad1.40x3.35mm_HandSolder,3.3R,Resistor_SMD:R_2512_6332Metric_Pad1.40x3.35mm_HandSolder,bottom,SMD,1,B,OK,3.3Ω,OK,bom 2512 vs pcb 2512
R31,ALL THREE,row31:C2960677,2512,-55℃~+155℃ 1W 200V 3.3Ω Thick Film Resistor ±200ppm/℃ ±5% 25,3.3R,Resistor_SMD:R_2512_6332Metric_Pad1.40x3.35mm_HandSolder,3.3R,Resistor_SMD:R_2512_6332Metric_Pad1.40x3.35mm_HandSolder,bottom,SMD,1,B,OK,3.3Ω,OK,bom 2512 vs pcb 2512
R32,ALL THREE,row31:C2960677,2512,-55℃~+155℃ 1W 200V 3.3Ω Thick Film Resistor ±200ppm/℃ ±5% 25,3.3R,Resistor_SMD:R_2512_6332Metric_Pad1.40x3.35mm_HandSolder,3.3R,Resistor_SMD:R_2512_6332Metric_Pad1.40x3.35mm_HandSolder,bottom,SMD,1,B,OK,3.3Ω,OK,bom 2512 vs pcb 2512
R33,ALL THREE,row22:C14675,0603,-55℃~+155℃ 100kΩ 100mW 75V Thick Film Resistor ±1% ±100ppm/℃,100K,Resistor_SMD:R_0603_1608Metric,100K,Resistor_SMD:R_0603_1608Metric,bottom,SMD,1,B,OK,100kΩ,OK,bom 0603 vs pcb 0603
R35,ALL THREE,row36:C14676,0603,-55℃~+155℃ 100mW 1kΩ 75V Thick Film Resistor ±100ppm/℃ ±5% 0,1K,Resistor_SMD:R_0603_1608Metric,1K,Resistor_SMD:R_0603_1608Metric,bottom,SMD,1,B,OK,1kΩ,OK,bom 0603 vs pcb 0603
R36,ALL THREE,row36:C14676,0603,-55℃~+155℃ 100mW 1kΩ 75V Thick Film Resistor ±100ppm/℃ ±5% 0,1K,Resistor_SMD:R_0603_1608Metric,1K,Resistor_SMD:R_0603_1608Metric,bottom,SMD,1,B,OK,1kΩ,OK,bom 0603 vs pcb 0603
R37,ALL THREE,row36:C14676,0603,-55℃~+155℃ 100mW 1kΩ 75V Thick Film Resistor ±100ppm/℃ ±5% 0,1K,Resistor_SMD:R_0603_1608Metric,1K,Resistor_SMD:R_0603_1608Metric,bottom,SMD,1,B,OK,1kΩ,OK,bom 0603 vs pcb 0603
R38,ALL THREE,row36:C14676,0603,-55℃~+155℃ 100mW 1kΩ 75V Thick Film Resistor ±100ppm/℃ ±5% 0,1K,Resistor_SMD:R_0603_1608Metric,1K,Resistor_SMD:R_0603_1608Metric,bottom,SMD,1,B,OK,1kΩ,OK,bom 0603 vs pcb 0603
R39,ALL THREE,row36:C14676,0603,-55℃~+155℃ 100mW 1kΩ 75V Thick Film Resistor ±100ppm/℃ ±5% 0,1K,Resistor_SMD:R_0603_1608Metric,1K,Resistor_SMD:R_0603_1608Metric,bottom,SMD,1,B,OK,1kΩ,OK,bom 0603 vs pcb 0603
R40,ALL THREE,row36:C14676,0603,-55℃~+155℃ 100mW 1kΩ 75V Thick Film Resistor ±100ppm/℃ ±5% 0,1K,Resistor_SMD:R_0603_1608Metric,1K,Resistor_SMD:R_0603_1608Metric,bottom,SMD,1,B,OK,1kΩ,OK,bom 0603 vs pcb 0603
SW1,SCH+PCB not BOM: THT -> hand-solder,,,,Power ON/OFF,Retroactive_Custom_Parts:DigiKey_1101A4VQEA_SPDT_Vertical_SlideSwitch,Power ON/OFF,Retroactive_Custom_Parts:DigiKey_1101A4VQEA_SPDT_Vertical_SlideSwitch,bottom,THT,1,,,,,
TAC_SHIFT_L1,SCH+PCB not BOM: THT -> hand-solder,,,,SW_Push,Retroactive_Custom_Parts:Retroactive_90DegSW_Tactile,SW_Push,Retroactive_Custom_Parts:Retroactive_90DegSW_Tactile,bottom,THT,1,,,,,
TAC_SHIFT_R1,SCH+PCB not BOM: THT -> hand-solder,,,,SW_Push,Retroactive_Custom_Parts:Retroactive_90DegSW_Tactile,SW_Push,Retroactive_Custom_Parts:Retroactive_90DegSW_Tactile,bottom,THT,1,,,,,
TAC_SWITCH_1,SCH+PCB not BOM: THT -> hand-solder,,,,SW_MEC_5E,Retroactive_Custom_Parts:Retroactive_THT_TACTSW_6mm_H9.5mm,SW_MEC_5E,Retroactive_Custom_Parts:Retroactive_THT_TACTSW_6mm_H9.5mm,top,THT,1,,,,,
TAC_SWITCH_2,SCH+PCB not BOM: THT -> hand-solder,,,,SW_MEC_5E,Retroactive_Custom_Parts:Retroactive_THT_TACTSW_6mm_H9.5mm,SW_MEC_5E,Retroactive_Custom_Parts:Retroactive_THT_TACTSW_6mm_H9.5mm,top,THT,1,,,,,
U1,ALL THREE,row6:C20082,SOP-6-2.54mm,-40‚ÑÉ~+85‚ÑÉ 0.4V 1 1.2V 1.6mA 1Mbit/s 250mW 30mA 3V~15V 4.,H11L1,Package_SO:SOP-6_3.8x4.1mm_P2.54mm(RetroactiveCustom),H11L1,Package_SO:SOP-6_3.8x4.1mm_P2.54mm(RetroactiveCustom),bottom,SMD,1,B,OK,Logic Output Optoisolators,OK,bom SOP-6-2.54mm vs pcb SOP-6_3.8x4.1mm_P2.54mm(RetroactiveCustom)
U2,ALL THREE,row16:C53059594,SOT-666,SOT-666 ESD and Surge Protection (TVS/ESD) ROHS,USBLC6-2P6,Package_TO_SOT_SMD:SOT-666,USBLC6-2P6,Package_TO_SOT_SMD:SOT-666,bottom,SMD,1,B,OK,SOT-666 ESD,OK,bom SOT-666 vs pcb SOT-666
U3,ALL THREE,row11:C130212,MSOP-8-EP,-40‚ÑÉ~+85‚ÑÉ 0.6% 1.5mA 100dB 150mWx2@16Œ© 2-Channel 2.5V~5,TPA6110A2DGN,Package_SO:HVSSOP-8-1EP_3x3mm_P0.65mm_EP1.57x1.89mm,TPA6110A2DGN,Package_SO:HVSSOP-8-1EP_3x3mm_P0.65mm_EP1.57x1.89mm,bottom,SMD,1,B,OK,MSOP-8-EP Audio,OK,bom MSOP-8-EP vs pcb HVSSOP-8-1EP_3x3mm_P0.65mm_EP1.57x1.89mm
U4,ALL THREE,row19:C41714,TDFN-14-EP(3x3),"
-40‚ÑÉ~+85‚ÑÉ 0.04% 1-Channel 2.7V~5.5V 50dB 61dB Class AB ",MAX9814,Package_DFN_QFN:DFN-14-1EP_3x3mm_P0.4mm_EP1.78x2.35mm,MAX9814,Package_DFN_QFN:DFN-14-1EP_3x3mm_P0.4mm_EP1.78x2.35mm,bottom,SMD,1,B,OK,TDFN-14-EP(3x3) Audio,OK,bom TDFN-14-EP(3x3) vs pcb DFN-14-1EP_3x3mm_P0.4mm_EP1.78x2.35mm
U6,ALL THREE,row32:C59873,WSON-8-EP(2x2),-40℃~+85℃@(TA) 1 17uA 2.25MHz 3.3V 3V~17V 500mA Buck Built-i,TPS62172DSG,Package_SON:WSON-8-1EP_2x2mm_P0.5mm_EP0.9x1.6mm_ThermalVias,TPS62172DSG,Package_SON:WSON-8-1EP_2x2mm_P0.5mm_EP0.9x1.6mm_ThermalVias,bottom,SMD,1,B,OK,WSON-8-EP(2x2) DC-DC,OK,bom WSON-8-EP(2x2) vs pcb WSON-8-1EP_2x2mm_P0.5mm_EP0.9x1.6mm_ThermalVias
