layer,x_mm,y_mm,shape,size_x_mm,size_y_mm,function,net
F.Cu,108.0,85.25,C,1.5,1.5,ComponentPad,island_049
F.Cu,113.0,85.25,C,1.5,1.5,ComponentPad,island_050
F.Cu,108.0,99.75,R,2.0,2.0,ComponentPad,ENCL_A
F.Cu,113.0,99.75,C,2.0,2.0,ComponentPad,ENCL_B
F.Cu,110.5,99.75,C,2.0,2.0,ComponentPad,island_051
F.Cu,104.9,92.25,R,2.0,3.2,ComponentPad,island_052
F.Cu,116.1,92.25,R,2.0,3.2,ComponentPad,island_053
F.Cu,144.6,135.05,R,2.0,1.1,"SMDPad,CuDef",LED_1_B
F.Cu,149.4,135.05,R,2.0,1.1,"SMDPad,CuDef",island_002
F.Cu,144.6,136.75,R,2.0,1.1,"SMDPad,CuDef",LED_1_R
F.Cu,149.4,136.75,R,2.0,1.1,"SMDPad,CuDef",island_006
F.Cu,144.6,138.45,R,2.0,1.1,"SMDPad,CuDef",LED_1_G
F.Cu,149.4,138.45,R,2.0,1.1,"SMDPad,CuDef",island_007
F.Cu,194.6,135.3,R,2.0,1.1,"SMDPad,CuDef",LED_2_B
F.Cu,199.4,135.3,R,2.0,1.1,"SMDPad,CuDef",island_009
F.Cu,194.6,137.0,R,2.0,1.1,"SMDPad,CuDef",LED_2_R
F.Cu,199.4,137.0,R,2.0,1.1,"SMDPad,CuDef",island_008
F.Cu,194.6,138.7,R,2.0,1.1,"SMDPad,CuDef",LED_2_G
F.Cu,199.4,138.7,R,2.0,1.1,"SMDPad,CuDef",island_010
F.Cu,170.963,131.0,RoundRect,1.0,1.0,ComponentPad,island_054
F.Cu,172.863,131.0,C,1.0,1.0,ComponentPad,island_037
F.Cu,231.75,85.25,C,1.5,1.5,ComponentPad,island_055
F.Cu,236.75,85.25,C,1.5,1.5,ComponentPad,island_056
F.Cu,231.75,99.75,R,2.0,2.0,ComponentPad,ENCR_A
F.Cu,236.75,99.75,C,2.0,2.0,ComponentPad,ENCR_B
F.Cu,234.25,99.75,C,2.0,2.0,ComponentPad,island_057
F.Cu,228.65,92.25,R,2.0,3.2,ComponentPad,island_058
F.Cu,239.85,92.25,R,2.0,3.2,ComponentPad,island_059
F.Cu,127.5,121.75,C,2.0,2.0,ComponentPad,TAC_SWITCH_1
F.Cu,127.5,126.25,C,2.0,2.0,ComponentPad,TAC_SWITCH_1
F.Cu,134.0,126.25,C,2.0,2.0,ComponentPad,island_060
F.Cu,134.0,121.75,C,2.0,2.0,ComponentPad,island_061
F.Cu,168.321,81.3,R,1.7,1.7,ComponentPad,island_062
F.Cu,170.861,81.3,C,1.7,1.7,ComponentPad,island_040
F.Cu,173.401,81.3,C,1.7,1.7,ComponentPad,I2C_SCL
F.Cu,175.941,81.3,C,1.7,1.7,ComponentPad,I2C_SDA
F.Cu,210.5,121.75,C,2.0,2.0,ComponentPad,TAC_SWITCH_2
F.Cu,210.5,126.25,C,2.0,2.0,ComponentPad,TAC_SWITCH_2
F.Cu,217.0,126.25,C,2.0,2.0,ComponentPad,island_063
F.Cu,217.0,121.75,C,2.0,2.0,ComponentPad,island_064
F.Cu,116.0,66.175,C,2.2,2.2,ComponentPad,island_065
F.Cu,109.0,66.175,C,2.2,2.2,ComponentPad,island_066
F.Cu,114.75,63.675,C,1.7,1.7,ComponentPad,island_067
F.Cu,110.25,63.675,C,1.7,1.7,ComponentPad,TAC_SHIFT_L
F.Cu,235.75,65.925,C,2.2,2.2,ComponentPad,island_068
F.Cu,228.75,65.925,C,2.2,2.2,ComponentPad,island_069
F.Cu,234.5,63.425,C,1.7,1.7,ComponentPad,island_070
F.Cu,230.0,63.425,C,1.7,1.7,ComponentPad,TAC_SHIFT_R
F.Cu,132.43,63.5,O,1.0,1.8,HeatsinkPad,island_071
F.Cu,132.43,67.68,O,1.0,2.1,HeatsinkPad,island_072
F.Cu,141.07,63.5,O,1.0,1.8,HeatsinkPad,island_073
F.Cu,141.07,67.68,O,1.0,2.1,HeatsinkPad,island_074
F.Cu,124.55,62.76,C,2.5,2.5,ComponentPad,island_075
F.Cu,129.0,62.76,C,2.5,2.5,ComponentPad,island_076
F.Cu,126.775,72.92,C,2.5,2.5,ComponentPad,island_048
F.Cu,126.775,76.73,C,2.5,2.5,ComponentPad,island_045
F.Cu,126.775,80.54,C,2.5,2.5,ComponentPad,island_077
F.Cu,190.5,70.25,O,1.2,2.2,ComponentPad,island_078
F.Cu,193.0,70.25,O,1.6,2.3,ComponentPad,island_079
F.Cu,195.5,65.25,O,2.2,1.2,ComponentPad,island_080
F.Cu,200.5,70.25,O,1.2,2.2,ComponentPad,island_081
F.Cu,198.0,70.25,O,1.6,2.5,ComponentPad,island_082
F.Cu,244.0,152.0,O,1.2,2.2,ComponentPad,island_083
F.Cu,241.5,152.0,O,1.6,2.3,ComponentPad,island_084
F.Cu,239.0,157.0,O,2.2,1.2,ComponentPad,island_085
F.Cu,234.0,152.0,O,1.2,2.2,ComponentPad,island_086
F.Cu,236.5,152.0,O,1.6,2.5,ComponentPad,island_087
F.Cu,195.636,160.62,R,1.7,1.7,ComponentPad,unconnected
F.Cu,193.096,160.62,C,1.7,1.7,ComponentPad,SD_D3
F.Cu,190.556,160.62,C,1.7,1.7,ComponentPad,SD_D2
F.Cu,188.016,160.62,C,1.7,1.7,ComponentPad,SD_D1
F.Cu,185.476,160.62,C,1.7,1.7,ComponentPad,SD_D0
F.Cu,182.936,160.62,C,1.7,1.7,ComponentPad,SD_CMD
F.Cu,180.396,160.62,C,1.7,1.7,ComponentPad,SD_CK
F.Cu,177.856,160.62,C,1.7,1.7,ComponentPad,ENCR_A
F.Cu,175.316,160.62,C,1.7,1.7,ComponentPad,ENCR_B
F.Cu,172.776,160.62,C,1.7,1.7,ComponentPad,TAC_SHIFT_R
F.Cu,170.236,160.62,C,1.7,1.7,ComponentPad,ENCL_CLICK
F.Cu,167.696,160.62,C,1.7,1.7,ComponentPad,I2C_SCL
F.Cu,165.156,160.62,C,1.7,1.7,ComponentPad,I2C_SDA
F.Cu,162.616,160.62,C,1.7,1.7,ComponentPad,USART1_TX
F.Cu,160.076,160.62,C,1.7,1.7,ComponentPad,USART1_RX
F.Cu,157.536,160.62,C,1.7,1.7,ComponentPad,AUDIO_IN_L
F.Cu,154.996,160.62,C,1.7,1.7,ComponentPad,AUDIO_MIC_IN_R
F.Cu,152.456,160.62,C,1.7,1.7,ComponentPad,AUDIO_OUT_L
F.Cu,149.916,160.62,C,1.7,1.7,ComponentPad,AUDIO_OUT_R
F.Cu,147.376,160.62,C,1.7,1.7,ComponentPad,GND/SWB/~
F.Cu,147.376,145.38,C,1.7,1.7,ComponentPad,+3V3_A
F.Cu,149.916,145.38,C,1.7,1.7,ComponentPad,unconnected
F.Cu,152.456,145.38,C,1.7,1.7,ComponentPad,TAC_SHIFT_L
F.Cu,154.996,145.38,C,1.7,1.7,ComponentPad,LED_2_R
F.Cu,157.536,145.38,C,1.7,1.7,ComponentPad,LED_1_B
F.Cu,160.076,145.38,C,1.7,1.7,ComponentPad,LED_1_G
F.Cu,162.616,145.38,C,1.7,1.7,ComponentPad,LED_1_R
F.Cu,165.156,145.38,C,1.7,1.7,ComponentPad,unconnected
F.Cu,167.696,145.38,C,1.7,1.7,ComponentPad,ENCR_CLICK
F.Cu,170.236,145.38,C,1.7,1.7,ComponentPad,LED_2_B
F.Cu,172.776,145.38,C,1.7,1.7,ComponentPad,LED_2_G
F.Cu,175.316,145.38,C,1.7,1.7,ComponentPad,ENCL_B
F.Cu,177.856,145.38,C,1.7,1.7,ComponentPad,ENCL_A
F.Cu,180.396,145.38,C,1.7,1.7,ComponentPad,TAC_SWITCH_1
F.Cu,182.936,145.38,C,1.7,1.7,ComponentPad,TAC_SWITCH_2
F.Cu,185.476,145.38,C,1.7,1.7,ComponentPad,USB_IN_MCU_N
F.Cu,188.016,145.38,C,1.7,1.7,ComponentPad,USB_IN_MCU_P
F.Cu,190.556,145.38,C,1.7,1.7,ComponentPad,+3V3_D
F.Cu,193.096,145.38,C,1.7,1.7,ComponentPad,+9V_FILT
F.Cu,195.636,145.38,C,1.7,1.7,ComponentPad,GND/SWB/~
F.Cu,160.4,70.4,O,1.2,2.2,ComponentPad,AUDIO_OUT_R
F.Cu,162.9,70.4,O,1.6,2.3,ComponentPad,island_088
F.Cu,165.4,65.4,O,2.2,1.2,ComponentPad,island_089
F.Cu,170.4,70.4,O,1.2,2.2,ComponentPad,AUDIO_OUT_L
F.Cu,167.9,70.4,O,1.6,2.5,ComponentPad,island_090
F.Cu,175.35,70.4,O,1.2,2.2,ComponentPad,island_091
F.Cu,177.85,70.4,O,1.6,2.3,ComponentPad,island_092
F.Cu,180.35,65.4,O,2.2,1.2,ComponentPad,island_093
F.Cu,185.35,70.4,O,1.2,2.2,ComponentPad,AUDIO_IN_L
F.Cu,182.85,70.4,O,1.6,2.5,ComponentPad,island_094
F.Cu,205.5,70.25,O,1.2,2.2,ComponentPad,island_095
F.Cu,208.0,70.25,O,1.6,2.3,ComponentPad,island_096
F.Cu,210.5,65.25,O,2.2,1.2,ComponentPad,island_097
F.Cu,215.5,70.25,O,1.2,2.2,ComponentPad,island_098
F.Cu,213.0,70.25,O,1.6,2.5,ComponentPad,island_099
B.Cu,108.0,85.25,C,1.5,1.5,ComponentPad,island_049
B.Cu,113.0,85.25,C,1.5,1.5,ComponentPad,island_050
B.Cu,108.0,99.75,R,2.0,2.0,ComponentPad,ENCL_A
B.Cu,113.0,99.75,C,2.0,2.0,ComponentPad,ENCL_B
B.Cu,110.5,99.75,C,2.0,2.0,ComponentPad,island_051
B.Cu,104.9,92.25,R,2.0,3.2,ComponentPad,island_100
B.Cu,116.1,92.25,R,2.0,3.2,ComponentPad,island_101
B.Cu,170.963,131.0,RoundRect,1.0,1.0,ComponentPad,island_054
B.Cu,172.863,131.0,C,1.0,1.0,ComponentPad,island_037
B.Cu,231.75,85.25,C,1.5,1.5,ComponentPad,island_055
B.Cu,236.75,85.25,C,1.5,1.5,ComponentPad,island_056
B.Cu,231.75,99.75,R,2.0,2.0,ComponentPad,ENCR_A
B.Cu,236.75,99.75,C,2.0,2.0,ComponentPad,ENCR_B
B.Cu,234.25,99.75,C,2.0,2.0,ComponentPad,island_057
B.Cu,228.65,92.25,R,2.0,3.2,ComponentPad,island_102
B.Cu,239.85,92.25,R,2.0,3.2,ComponentPad,island_103
B.Cu,127.5,121.75,C,2.0,2.0,ComponentPad,TAC_SWITCH_1
B.Cu,127.5,126.25,C,2.0,2.0,ComponentPad,TAC_SWITCH_1
B.Cu,134.0,126.25,C,2.0,2.0,ComponentPad,island_060
B.Cu,134.0,121.75,C,2.0,2.0,ComponentPad,island_061
B.Cu,168.321,81.3,R,1.7,1.7,ComponentPad,island_062
B.Cu,170.861,81.3,C,1.7,1.7,ComponentPad,island_040
B.Cu,173.401,81.3,C,1.7,1.7,ComponentPad,I2C_SCL
B.Cu,175.941,81.3,C,1.7,1.7,ComponentPad,I2C_SDA
B.Cu,210.5,121.75,C,2.0,2.0,ComponentPad,TAC_SWITCH_2
B.Cu,210.5,126.25,C,2.0,2.0,ComponentPad,TAC_SWITCH_2
B.Cu,217.0,126.25,C,2.0,2.0,ComponentPad,island_063
B.Cu,217.0,121.75,C,2.0,2.0,ComponentPad,island_064
B.Cu,172.775,124.5,RoundRect,0.9,0.95,"SMDPad,CuDef",island_037
B.Cu,171.225,124.5,RoundRect,0.9,0.95,"SMDPad,CuDef",island_036
B.Cu,207.825,92.0,RoundRect,0.8,0.95,"SMDPad,CuDef",USART1_RX
B.Cu,206.175,92.0,RoundRect,0.8,0.95,"SMDPad,CuDef",+3V3_D
B.Cu,151.145,78.5,RoundRect,0.6,0.45,"SMDPad,CuDef",island_043
B.Cu,153.245,78.5,RoundRect,0.6,0.45,"SMDPad,CuDef",island_045
B.Cu,215.08,84.92,RoundRect,3.0,2.0,"SMDPad,CuDef",island_012
B.Cu,215.06,87.23,RoundRect,3.0,2.0,"SMDPad,CuDef",island_011
B.Cu,215.08,89.53,RoundRect,3.0,2.0,"SMDPad,CuDef",island_104
B.Cu,207.88,89.52,RoundRect,3.0,2.0,"SMDPad,CuDef",USART1_RX
B.Cu,207.88,87.23,RoundRect,3.0,2.0,"SMDPad,CuDef",island_019
B.Cu,207.89,84.92,RoundRect,3.0,2.0,"SMDPad,CuDef",+3V3_D
B.Cu,176.59,122.358,RoundRect,0.9,0.95,"SMDPad,CuDef",island_038
B.Cu,178.14,122.358,RoundRect,0.9,0.95,"SMDPad,CuDef",AUDIO_MIC_IN_R
B.Cu,116.0,66.175,C,2.2,2.2,ComponentPad,island_065
B.Cu,109.0,66.175,C,2.2,2.2,ComponentPad,island_066
B.Cu,114.75,63.675,C,1.7,1.7,ComponentPad,island_067
B.Cu,110.25,63.675,C,1.7,1.7,ComponentPad,TAC_SHIFT_L
B.Cu,235.75,65.925,C,2.2,2.2,ComponentPad,island_068
B.Cu,228.75,65.925,C,2.2,2.2,ComponentPad,island_069
B.Cu,234.5,63.425,C,1.7,1.7,ComponentPad,island_070
B.Cu,230.0,63.425,C,1.7,1.7,ComponentPad,TAC_SHIFT_R
B.Cu,133.55,68.255,RoundRect,0.6,1.15,"SMDPad,CuDef",island_021
B.Cu,134.35,68.255,RoundRect,0.6,1.15,"SMDPad,CuDef",island_022
B.Cu,135.5,68.255,RoundRect,0.3,1.15,"SMDPad,CuDef",island_026
B.Cu,136.5,68.255,RoundRect,0.3,1.15,"SMDPad,CuDef",island_028
B.Cu,137.0,68.255,RoundRect,0.3,1.15,"SMDPad,CuDef",island_029
B.Cu,138.0,68.255,RoundRect,0.3,1.15,"SMDPad,CuDef",island_105
B.Cu,139.15,68.255,RoundRect,0.6,1.15,"SMDPad,CuDef",island_022
B.Cu,139.95,68.255,RoundRect,0.6,1.15,"SMDPad,CuDef",island_018
B.Cu,139.95,68.255,RoundRect,0.6,1.15,"SMDPad,CuDef",island_018
B.Cu,139.15,68.255,RoundRect,0.6,1.15,"SMDPad,CuDef",island_022
B.Cu,138.5,68.255,RoundRect,0.3,1.15,"SMDPad,CuDef",island_027
B.Cu,137.5,68.255,RoundRect,0.3,1.15,"SMDPad,CuDef",island_028
B.Cu,136.0,68.255,RoundRect,0.3,1.15,"SMDPad,CuDef",island_029
B.Cu,135.0,68.255,RoundRect,0.3,1.15,"SMDPad,CuDef",island_106
B.Cu,134.35,68.255,RoundRect,0.6,1.15,"SMDPad,CuDef",island_022
B.Cu,133.55,68.255,RoundRect,0.6,1.15,"SMDPad,CuDef",island_021
B.Cu,132.43,63.5,O,1.0,1.8,HeatsinkPad,island_107
B.Cu,132.43,67.68,O,1.0,2.1,HeatsinkPad,island_021
B.Cu,141.07,63.5,O,1.0,1.8,HeatsinkPad,island_108
B.Cu,141.07,67.68,O,1.0,2.1,HeatsinkPad,island_109
B.Cu,114.241,140.25,RoundRect,0.8,0.95,"SMDPad,CuDef",+3V3_D
B.Cu,112.591,140.25,RoundRect,0.8,0.95,"SMDPad,CuDef",SD_D2
B.Cu,218.425,154.5,RoundRect,0.8,0.95,"SMDPad,CuDef",island_030
B.Cu,220.075,154.5,RoundRect,0.8,0.95,"SMDPad,CuDef",island_024
B.Cu,192.025,77.75,RoundRect,0.9,0.95,"SMDPad,CuDef",+3V3_D
B.Cu,190.475,77.75,RoundRect,0.9,0.95,"SMDPad,CuDef",island_110
B.Cu,124.55,62.76,C,2.5,2.5,ComponentPad,island_075
B.Cu,129.0,62.76,C,2.5,2.5,ComponentPad,island_076
B.Cu,126.775,72.92,C,2.5,2.5,ComponentPad,island_048
B.Cu,126.775,76.73,C,2.5,2.5,ComponentPad,island_045
B.Cu,126.775,80.54,C,2.5,2.5,ComponentPad,island_077
B.Cu,199.5,131.4,RoundRect,0.95,0.8,"SMDPad,CuDef",island_008
B.Cu,199.5,129.75,RoundRect,0.95,0.8,"SMDPad,CuDef",+9V_FILT
B.Cu,136.2,71.25,RoundRect,0.5,0.375,"SMDPad,CuDef",island_029
B.Cu,136.275,71.787,RoundRect,0.65,0.3,"SMDPad,CuDef",island_017
B.Cu,136.2,72.325,RoundRect,0.5,0.375,"SMDPad,CuDef",island_028
B.Cu,134.5,72.325,RoundRect,0.5,0.375,"SMDPad,CuDef",USB_IN_MCU_P
B.Cu,134.425,71.787,RoundRect,0.65,0.3,"SMDPad,CuDef",island_022
B.Cu,134.5,71.25,RoundRect,0.5,0.375,"SMDPad,CuDef",USB_IN_MCU_N
B.Cu,106.19,142.505,R,1.2,0.7,"SMDPad,CuDef",SD_D2
B.Cu,106.19,143.605,R,1.2,0.7,"SMDPad,CuDef",SD_D3
B.Cu,106.19,144.705,R,1.2,0.7,"SMDPad,CuDef",SD_CMD
B.Cu,106.19,145.805,R,1.2,0.7,"SMDPad,CuDef",+3V3_D
B.Cu,106.19,146.905,R,1.2,0.7,"SMDPad,CuDef",SD_CK
B.Cu,106.19,148.005,R,1.2,0.7,"SMDPad,CuDef",island_111
B.Cu,106.19,149.105,R,1.2,0.7,"SMDPad,CuDef",SD_D0
B.Cu,106.19,150.205,R,1.2,0.7,"SMDPad,CuDef",SD_D1
B.Cu,106.19,151.155,R,1.2,0.7,"SMDPad,CuDef",GND/SWB/~
B.Cu,95.69,152.105,R,0.8,1.0,"SMDPad,CuDef",island_112
B.Cu,91.54,152.105,R,2.8,1.0,"SMDPad,CuDef",island_113
B.Cu,101.89,152.105,R,1.2,1.0,"SMDPad,CuDef",island_114
B.Cu,106.19,140.955,R,1.2,1.0,"SMDPad,CuDef",island_115
B.Cu,91.09,138.605,R,1.9,1.3,"SMDPad,CuDef",island_116
B.Cu,170.787,86.75,RoundRect,0.875,0.95,"SMDPad,CuDef",island_040
B.Cu,169.213,86.75,RoundRect,0.875,0.95,"SMDPad,CuDef",+3V3_D
B.Cu,171.175,115.25,RoundRect,0.8,0.95,"SMDPad,CuDef",island_117
B.Cu,172.825,115.25,RoundRect,0.8,0.95,"SMDPad,CuDef",island_041
B.Cu,178.275,115.524,RoundRect,0.9,0.95,"SMDPad,CuDef",island_118
B.Cu,176.725,115.524,RoundRect,0.9,0.95,"SMDPad,CuDef",island_035
B.Cu,179.275,120.638,RoundRect,0.9,0.95,"SMDPad,CuDef",island_119
B.Cu,177.725,120.638,RoundRect,0.9,0.95,"SMDPad,CuDef",island_003
B.Cu,200.5,77.15,RoundRect,0.95,0.8,"SMDPad,CuDef",USART1_TX
B.Cu,200.5,75.5,RoundRect,0.95,0.8,"SMDPad,CuDef",island_046
B.Cu,221.425,161.25,RoundRect,0.8,0.95,"SMDPad,CuDef",island_032
B.Cu,223.075,161.25,RoundRect,0.8,0.95,"SMDPad,CuDef",island_001
B.Cu,190.5,70.25,O,1.2,2.2,ComponentPad,island_047
B.Cu,193.0,70.25,O,1.6,2.3,ComponentPad,island_120
B.Cu,195.5,65.25,O,2.2,1.2,ComponentPad,island_121
B.Cu,200.5,70.25,O,1.2,2.2,ComponentPad,island_046
B.Cu,198.0,70.25,O,1.6,2.5,ComponentPad,island_122
B.Cu,239.45,139.95,RoundRect,3.5,1.6,"SMDPad,CuDef",island_024
B.Cu,234.05,139.95,RoundRect,3.5,1.6,"SMDPad,CuDef",island_023
B.Cu,215.175,159.5,RoundRect,0.8,0.95,"SMDPad,CuDef",island_033
B.Cu,216.825,159.5,RoundRect,0.8,0.95,"SMDPad,CuDef",island_030
B.Cu,114.239,149.14,RoundRect,0.8,0.95,"SMDPad,CuDef",+3V3_D
B.Cu,112.589,149.14,RoundRect,0.8,0.95,"SMDPad,CuDef",SD_D0
B.Cu,149.5,131.325,RoundRect,0.95,0.8,"SMDPad,CuDef",island_006
B.Cu,149.5,129.675,RoundRect,0.95,0.8,"SMDPad,CuDef",+9V_FILT
B.Cu,214.75,78.5,RoundRect,0.6,0.45,"SMDPad,CuDef",island_012
B.Cu,216.85,78.5,RoundRect,0.6,0.45,"SMDPad,CuDef",island_011
B.Cu,141.175,129.75,RoundRect,0.8,0.95,"SMDPad,CuDef",island_007
B.Cu,142.825,129.75,RoundRect,0.8,0.95,"SMDPad,CuDef",+9V_FILT
B.Cu,114.25,142.75,RoundRect,0.8,0.95,"SMDPad,CuDef",+3V3_D
B.Cu,112.6,142.75,RoundRect,0.8,0.95,"SMDPad,CuDef",SD_D3
B.Cu,234.1,146.5,RoundRect,0.8,0.95,"SMDPad,CuDef",island_023
B.Cu,235.75,146.5,RoundRect,0.8,0.95,"SMDPad,CuDef",island_123
B.Cu,192.15,76.0,RoundRect,0.8,0.95,"SMDPad,CuDef",+3V3_D
B.Cu,190.5,76.0,RoundRect,0.8,0.95,"SMDPad,CuDef",island_047
B.Cu,155.45,78.5,RoundRect,0.9,0.95,"SMDPad,CuDef",island_043
B.Cu,157.0,78.5,RoundRect,0.9,0.95,"SMDPad,CuDef",island_124
B.Cu,215.175,76.5,RoundRect,0.8,0.95,"SMDPad,CuDef",island_013
B.Cu,216.825,76.5,RoundRect,0.8,0.95,"SMDPad,CuDef",island_011
B.Cu,244.0,152.0,O,1.2,2.2,ComponentPad,island_025
B.Cu,241.5,152.0,O,1.6,2.3,ComponentPad,island_125
B.Cu,239.0,157.0,O,2.2,1.2,ComponentPad,island_126
B.Cu,234.0,152.0,O,1.2,2.2,ComponentPad,island_023
B.Cu,236.5,152.0,O,1.6,2.5,ComponentPad,island_127
B.Cu,224.76,156.305,RoundRect,1.45,0.5,"SMDPad,CuDef",island_031
B.Cu,224.76,156.955,RoundRect,1.45,0.5,"SMDPad,CuDef",island_016
B.Cu,224.76,157.605,RoundRect,1.45,0.5,"SMDPad,CuDef",island_016
B.Cu,224.76,158.255,RoundRect,1.45,0.5,"SMDPad,CuDef",island_032
B.Cu,220.46,158.255,RoundRect,1.45,0.5,"SMDPad,CuDef",island_001
B.Cu,220.46,157.605,RoundRect,1.45,0.5,"SMDPad,CuDef",+3V3_A
B.Cu,220.46,156.955,RoundRect,1.45,0.5,"SMDPad,CuDef",island_024
B.Cu,220.46,156.305,RoundRect,1.45,0.5,"SMDPad,CuDef",island_030
B.Cu,222.61,157.28,R,1.57,1.89,HeatsinkPad,island_016
B.Cu,178.787,126.0,RoundRect,0.875,0.95,"SMDPad,CuDef",island_128
B.Cu,177.213,126.0,RoundRect,0.875,0.95,"SMDPad,CuDef",island_129
B.Cu,172.825,126.25,RoundRect,0.8,0.95,"SMDPad,CuDef",island_037
B.Cu,171.175,126.25,RoundRect,0.8,0.95,"SMDPad,CuDef",island_042
B.Cu,195.636,160.62,R,1.7,1.7,ComponentPad,unconnected
B.Cu,193.096,160.62,C,1.7,1.7,ComponentPad,SD_D3
B.Cu,190.556,160.62,C,1.7,1.7,ComponentPad,SD_D2
B.Cu,188.016,160.62,C,1.7,1.7,ComponentPad,SD_D1
B.Cu,185.476,160.62,C,1.7,1.7,ComponentPad,SD_D0
B.Cu,182.936,160.62,C,1.7,1.7,ComponentPad,SD_CMD
B.Cu,180.396,160.62,C,1.7,1.7,ComponentPad,SD_CK
B.Cu,177.856,160.62,C,1.7,1.7,ComponentPad,ENCR_A
B.Cu,175.316,160.62,C,1.7,1.7,ComponentPad,ENCR_B
B.Cu,172.776,160.62,C,1.7,1.7,ComponentPad,TAC_SHIFT_R
B.Cu,170.236,160.62,C,1.7,1.7,ComponentPad,ENCL_CLICK
B.Cu,167.696,160.62,C,1.7,1.7,ComponentPad,I2C_SCL
B.Cu,165.156,160.62,C,1.7,1.7,ComponentPad,I2C_SDA
B.Cu,162.616,160.62,C,1.7,1.7,ComponentPad,USART1_TX
B.Cu,160.076,160.62,C,1.7,1.7,ComponentPad,USART1_RX
B.Cu,157.536,160.62,C,1.7,1.7,ComponentPad,AUDIO_IN_L
B.Cu,154.996,160.62,C,1.7,1.7,ComponentPad,AUDIO_MIC_IN_R
B.Cu,152.456,160.62,C,1.7,1.7,ComponentPad,AUDIO_OUT_L
B.Cu,149.916,160.62,C,1.7,1.7,ComponentPad,AUDIO_OUT_R
B.Cu,147.376,160.62,C,1.7,1.7,ComponentPad,GND/SWB/~
B.Cu,147.376,145.38,C,1.7,1.7,ComponentPad,+3V3_A
B.Cu,149.916,145.38,C,1.7,1.7,ComponentPad,unconnected
B.Cu,152.456,145.38,C,1.7,1.7,ComponentPad,TAC_SHIFT_L
B.Cu,154.996,145.38,C,1.7,1.7,ComponentPad,LED_2_R
B.Cu,157.536,145.38,C,1.7,1.7,ComponentPad,LED_1_B
B.Cu,160.076,145.38,C,1.7,1.7,ComponentPad,LED_1_G
B.Cu,162.616,145.38,C,1.7,1.7,ComponentPad,LED_1_R
B.Cu,165.156,145.38,C,1.7,1.7,ComponentPad,unconnected
B.Cu,167.696,145.38,C,1.7,1.7,ComponentPad,ENCR_CLICK
B.Cu,170.236,145.38,C,1.7,1.7,ComponentPad,LED_2_B
B.Cu,172.776,145.38,C,1.7,1.7,ComponentPad,LED_2_G
B.Cu,175.316,145.38,C,1.7,1.7,ComponentPad,ENCL_B
B.Cu,177.856,145.38,C,1.7,1.7,ComponentPad,ENCL_A
B.Cu,180.396,145.38,C,1.7,1.7,ComponentPad,TAC_SWITCH_1
B.Cu,182.936,145.38,C,1.7,1.7,ComponentPad,TAC_SWITCH_2
B.Cu,185.476,145.38,C,1.7,1.7,ComponentPad,USB_IN_MCU_N
B.Cu,188.016,145.38,C,1.7,1.7,ComponentPad,USB_IN_MCU_P
B.Cu,190.556,145.38,C,1.7,1.7,ComponentPad,+3V3_D
B.Cu,193.096,145.38,C,1.7,1.7,ComponentPad,+9V_FILT
B.Cu,195.636,145.38,C,1.7,1.7,ComponentPad,GND/SWB/~
B.Cu,160.4,70.4,O,1.2,2.2,ComponentPad,island_130
B.Cu,162.9,70.4,O,1.6,2.3,ComponentPad,island_131
B.Cu,165.4,65.4,O,2.2,1.2,ComponentPad,island_132
B.Cu,170.4,70.4,O,1.2,2.2,ComponentPad,island_133
B.Cu,167.9,70.4,O,1.6,2.5,ComponentPad,island_134
B.Cu,164.225,121.25,RoundRect,0.9,0.95,"SMDPad,CuDef",island_135
B.Cu,165.775,121.25,RoundRect,0.9,0.95,"SMDPad,CuDef",island_004
B.Cu,173.425,120.387,R,0.7,0.25,"SMDPad,CuDef",island_035
B.Cu,173.425,120.787,R,0.7,0.25,"SMDPad,CuDef",island_039
B.Cu,173.425,121.188,R,0.7,0.25,"SMDPad,CuDef",island_003
B.Cu,173.425,121.587,R,0.7,0.25,"SMDPad,CuDef",island_015
B.Cu,173.425,121.987,R,0.7,0.25,"SMDPad,CuDef",island_039
B.Cu,173.425,122.387,R,0.7,0.25,"SMDPad,CuDef",island_038
B.Cu,173.425,122.787,R,0.7,0.25,"SMDPad,CuDef",island_015
B.Cu,170.475,122.787,R,0.7,0.25,"SMDPad,CuDef",island_036
B.Cu,170.475,122.387,R,0.7,0.25,"SMDPad,CuDef",island_015
B.Cu,170.475,121.987,R,0.7,0.25,"SMDPad,CuDef",+3V3_D
B.Cu,170.475,121.587,R,0.7,0.25,"SMDPad,CuDef",island_015
B.Cu,170.475,121.188,R,0.7,0.25,"SMDPad,CuDef",island_004
B.Cu,170.475,120.787,R,0.7,0.25,"SMDPad,CuDef",island_042
B.Cu,170.475,120.387,R,0.7,0.25,"SMDPad,CuDef",island_041
B.Cu,171.95,121.587,R,1.78,2.35,"SMDPad,CuDef",island_015
B.Cu,175.35,70.4,O,1.2,2.2,ComponentPad,island_136
B.Cu,177.85,70.4,O,1.6,2.3,ComponentPad,island_137
B.Cu,180.35,65.4,O,2.2,1.2,ComponentPad,island_138
B.Cu,185.35,70.4,O,1.2,2.2,ComponentPad,island_139
B.Cu,182.85,70.4,O,1.6,2.5,ComponentPad,island_140
B.Cu,170.65,94.0,RoundRect,3.5,1.6,"SMDPad,CuDef",island_040
B.Cu,165.25,94.0,RoundRect,3.5,1.6,"SMDPad,CuDef",island_141
B.Cu,171.175,117.0,RoundRect,0.8,0.95,"SMDPad,CuDef",island_042
B.Cu,172.825,117.0,RoundRect,0.8,0.95,"SMDPad,CuDef",island_041
B.Cu,170.8,88.5,RoundRect,0.9,0.95,"SMDPad,CuDef",island_040
B.Cu,169.25,88.5,RoundRect,0.9,0.95,"SMDPad,CuDef",island_142
B.Cu,249.4,139.95,RoundRect,3.5,1.6,"SMDPad,CuDef",island_001
B.Cu,244.0,139.95,RoundRect,3.5,1.6,"SMDPad,CuDef",island_025
B.Cu,226.975,156.25,RoundRect,0.9,0.95,"SMDPad,CuDef",island_031
B.Cu,228.525,156.25,RoundRect,0.9,0.95,"SMDPad,CuDef",island_143
B.Cu,138.5,71.25,RoundRect,0.95,0.8,"SMDPad,CuDef",island_027
B.Cu,138.5,72.9,RoundRect,0.95,0.8,"SMDPad,CuDef",island_017
B.Cu,204.325,138.825,RoundRect,0.95,0.8,"SMDPad,CuDef",island_009
B.Cu,204.325,137.175,RoundRect,0.95,0.8,"SMDPad,CuDef",+9V_FILT
B.Cu,215.0,157.525,RoundRect,0.95,0.9,"SMDPad,CuDef",+3V3_A
B.Cu,215.0,155.975,RoundRect,0.95,0.9,"SMDPad,CuDef",island_144
B.Cu,210.25,159.5,RoundRect,0.9,0.95,"SMDPad,CuDef",AUDIO_OUT_L
B.Cu,211.8,159.5,RoundRect,0.9,0.95,"SMDPad,CuDef",island_033
B.Cu,216.575,81.75,RoundRect,0.8,0.95,"SMDPad,CuDef",island_005
B.Cu,214.925,81.75,RoundRect,0.8,0.95,"SMDPad,CuDef",island_012
B.Cu,218.575,74.5,RoundRect,0.8,0.95,"SMDPad,CuDef",island_014
B.Cu,216.925,74.5,RoundRect,0.8,0.95,"SMDPad,CuDef",island_011
B.Cu,170.9,84.75,RoundRect,0.8,0.95,"SMDPad,CuDef",island_040
B.Cu,169.25,84.75,RoundRect,0.8,0.95,"SMDPad,CuDef",+3V3_D
B.Cu,178.15,117.26,RoundRect,0.875,0.95,"SMDPad,CuDef",+3V3_D
B.Cu,176.575,117.26,RoundRect,0.875,0.95,"SMDPad,CuDef",island_039
B.Cu,205.5,70.25,O,1.2,2.2,ComponentPad,island_014
B.Cu,208.0,70.25,O,1.6,2.3,ComponentPad,island_145
B.Cu,210.5,65.25,O,2.2,1.2,ComponentPad,island_146
B.Cu,215.5,70.25,O,1.2,2.2,ComponentPad,island_013
B.Cu,213.0,70.25,O,1.6,2.5,ComponentPad,island_147
B.Cu,190.65,137.0,RoundRect,0.8,0.95,"SMDPad,CuDef",island_010
B.Cu,189.0,137.0,RoundRect,0.8,0.95,"SMDPad,CuDef",+9V_FILT
B.Cu,153.175,138.5,RoundRect,0.8,0.95,"SMDPad,CuDef",island_002
B.Cu,154.825,138.5,RoundRect,0.8,0.95,"SMDPad,CuDef",+9V_FILT
B.Cu,114.239,145.239,RoundRect,0.8,0.95,"SMDPad,CuDef",+3V3_D
B.Cu,112.589,145.239,RoundRect,0.8,0.95,"SMDPad,CuDef",SD_CMD
B.Cu,148.5,78.5,RoundRect,0.6,0.45,"SMDPad,CuDef",island_043
B.Cu,146.4,78.5,RoundRect,0.6,0.45,"SMDPad,CuDef",island_044
B.Cu,245.575,146.5,RoundRect,0.8,0.95,"SMDPad,CuDef",island_148
B.Cu,243.925,146.5,RoundRect,0.8,0.95,"SMDPad,CuDef",island_025
B.Cu,144.4,65.65,R,3.0,2.0,"SMDPad,CuDef",island_044
B.Cu,144.4,71.65,R,3.0,2.0,"SMDPad,CuDef",island_044
B.Cu,155.4,71.65,R,3.0,2.0,"SMDPad,CuDef",island_048
B.Cu,155.4,65.65,R,3.0,2.0,"SMDPad,CuDef",island_149
B.Cu,205.675,80.0,RoundRect,0.8,0.95,"SMDPad,CuDef",island_014
B.Cu,207.325,80.0,RoundRect,0.8,0.95,"SMDPad,CuDef",island_005
B.Cu,135.5,74.1,RoundRect,0.95,0.8,"SMDPad,CuDef",island_026
B.Cu,135.5,75.75,RoundRect,0.95,0.8,"SMDPad,CuDef",island_150
B.Cu,156.9,89.25,RoundRect,3.5,1.6,"SMDPad,CuDef",+9V_FILT
B.Cu,151.5,89.25,RoundRect,3.5,1.6,"SMDPad,CuDef",island_151
B.Cu,146.4,81.5,RoundRect,0.6,0.45,"SMDPad,CuDef",island_044
B.Cu,148.5,81.5,RoundRect,0.6,0.45,"SMDPad,CuDef",island_152
B.Cu,210.25,161.25,RoundRect,0.9,0.95,"SMDPad,CuDef",AUDIO_OUT_R
B.Cu,211.8,161.25,RoundRect,0.9,0.95,"SMDPad,CuDef",island_034
B.Cu,114.235,150.785,RoundRect,0.8,0.95,"SMDPad,CuDef",+3V3_D
B.Cu,112.585,150.785,RoundRect,0.8,0.95,"SMDPad,CuDef",SD_D1
B.Cu,215.175,161.25,RoundRect,0.8,0.95,"SMDPad,CuDef",island_034
B.Cu,216.825,161.25,RoundRect,0.8,0.95,"SMDPad,CuDef",island_032
B.Cu,153.25,81.5,RoundRect,0.6,0.45,"SMDPad,CuDef",island_045
B.Cu,151.15,81.5,RoundRect,0.6,0.45,"SMDPad,CuDef",island_153
B.Cu,155.463,82.5,RoundRect,0.875,0.95,"SMDPad,CuDef",island_043
B.Cu,157.037,82.5,RoundRect,0.875,0.95,"SMDPad,CuDef",+9V_FILT
B.Cu,178.125,118.955,RoundRect,0.9,0.95,"SMDPad,CuDef",island_020
B.Cu,176.575,118.955,RoundRect,0.9,0.95,"SMDPad,CuDef",island_039
