layer,x1_mm,y1_mm,x2_mm,y2_mm,width_mm,length_mm,net
F.Cu,146.75,72.25,168.55,72.25,0.1,21.8,AUDIO_OUT_L
F.Cu,168.55,72.25,170.4,70.4,0.1,2.62,AUDIO_OUT_L
F.Cu,153.0,157.95,152.456,158.494,0.1,0.77,AUDIO_OUT_L
F.Cu,152.456,158.494,152.456,160.62,0.1,2.13,AUDIO_OUT_L
F.Cu,145.301,70.801,146.75,72.25,0.1,2.05,AUDIO_OUT_L
F.Cu,95.199,70.801,145.301,70.801,0.1,50.1,AUDIO_OUT_L
F.Cu,95.0,71.0,95.199,70.801,0.1,0.28,AUDIO_OUT_L
F.Cu,95.0,158.75,95.0,71.0,0.1,87.75,AUDIO_OUT_L
F.Cu,98.0,161.75,95.0,158.75,0.1,4.24,AUDIO_OUT_L
F.Cu,230.75,150.699,230.801,150.699,0.1,0.05,USART1_TX
F.Cu,234.935,104.685,234.75,104.5,0.1,0.26,USART1_TX
F.Cu,230.898,150.602,230.898,149.0,0.1,1.6,USART1_TX
F.Cu,230.986,134.986,234.935,131.038,0.1,5.58,USART1_TX
F.Cu,200.75,96.25,201.25,95.75,0.1,0.71,USART1_TX
F.Cu,226.25,102.25,225.398,101.398,0.1,1.2,USART1_TX
F.Cu,226.403,102.403,226.25,102.25,0.1,0.22,USART1_TX
F.Cu,210.75,150.2,211.249,150.699,0.1,0.71,USART1_TX
F.Cu,230.898,149.0,230.898,135.075,0.1,13.93,USART1_TX
F.Cu,225.398,96.648,225.0,96.25,0.1,0.56,USART1_TX
F.Cu,232.7,102.403,226.403,102.403,0.1,6.3,USART1_TX
F.Cu,234.75,104.5,234.5,104.25,0.1,0.35,USART1_TX
F.Cu,225.398,100.949,225.398,96.648,0.1,4.3,USART1_TX
F.Cu,230.801,150.699,230.898,150.602,0.1,0.14,USART1_TX
F.Cu,234.5,104.203,232.7,102.403,0.1,2.55,USART1_TX
F.Cu,234.935,131.038,234.935,131.0,0.1,0.04,USART1_TX
F.Cu,201.25,95.75,201.25,78.75,0.1,17.0,USART1_TX
F.Cu,230.898,135.075,230.986,134.986,0.1,0.13,USART1_TX
F.Cu,225.398,101.398,225.398,100.949,0.1,0.45,USART1_TX
F.Cu,162.616,160.62,162.616,151.384,0.1,9.24,USART1_TX
F.Cu,234.935,131.0,234.935,104.685,0.1,26.31,USART1_TX
F.Cu,162.616,151.384,163.0,151.0,0.1,0.54,USART1_TX
F.Cu,234.5,104.25,234.5,104.203,0.1,0.05,USART1_TX
F.Cu,211.249,150.699,217.0,150.699,0.1,5.75,USART1_TX
F.Cu,217.0,150.699,230.75,150.699,0.1,13.75,USART1_TX
F.Cu,112.35,147.25,115.75,147.25,0.1,3.4,SD_CK
F.Cu,180.0,156.05,180.396,156.446,0.1,0.56,SD_CK
F.Cu,180.396,156.446,180.396,160.62,0.1,4.17,SD_CK
F.Cu,112.25,147.35,112.35,147.25,0.1,0.14,SD_CK
F.Cu,189.75,154.5,190.556,155.306,0.1,1.14,SD_D2
F.Cu,112.5,141.5,117.75,141.5,0.1,5.25,SD_D2
F.Cu,190.556,155.306,190.556,160.62,0.1,5.31,SD_D2
F.Cu,189.75,154.45,189.75,154.5,0.1,0.05,SD_D2
F.Cu,208.5,150.321,209.821,149.0,0.1,1.87,AUDIO_IN_L
F.Cu,230.25,134.75,234.333,130.667,0.1,5.77,AUDIO_IN_L
F.Cu,211.0,149.0,211.5,149.5,0.1,0.71,AUDIO_IN_L
F.Cu,230.25,150.0,230.25,134.75,0.1,15.25,AUDIO_IN_L
F.Cu,230.153,150.097,230.25,150.0,0.1,0.14,AUDIO_IN_L
F.Cu,224.298,101.298,224.298,98.0,0.1,3.3,AUDIO_IN_L
F.Cu,208.5,150.695,208.5,150.321,0.1,0.37,AUDIO_IN_L
F.Cu,157.536,160.62,158.25,159.906,0.1,1.01,AUDIO_IN_L
F.Cu,234.333,130.667,234.333,105.0,0.1,25.67,AUDIO_IN_L
F.Cu,211.5,149.5,211.5,149.745,0.1,0.25,AUDIO_IN_L
F.Cu,211.5,149.745,211.852,150.097,0.1,0.5,AUDIO_IN_L
F.Cu,185.35,97.4,185.35,70.4,0.1,27.0,AUDIO_IN_L
F.Cu,234.333,105.0,232.338,103.005,0.1,2.82,AUDIO_IN_L
F.Cu,158.25,159.906,158.25,150.25,0.1,9.66,AUDIO_IN_L
F.Cu,185.25,97.5,185.35,97.4,0.1,0.14,AUDIO_IN_L
F.Cu,226.005,103.005,224.298,101.298,0.1,2.41,AUDIO_IN_L
F.Cu,211.852,150.097,230.153,150.097,0.1,18.3,AUDIO_IN_L
F.Cu,209.821,149.0,211.0,149.0,0.1,1.18,AUDIO_IN_L
F.Cu,232.338,103.005,226.005,103.005,0.1,6.33,AUDIO_IN_L
F.Cu,192.5,155.0,193.096,155.596,0.1,0.84,SD_D3
F.Cu,112.75,144.0,117.0,144.0,0.1,4.25,SD_D3
F.Cu,193.096,155.596,193.096,160.62,0.1,5.02,SD_D3
F.Cu,185.476,156.876,185.476,160.62,0.2,3.74,SD_D0
F.Cu,185.25,156.65,185.476,156.876,0.2,0.32,SD_D0
F.Cu,113.25,148.0,115.0,148.0,0.2,1.75,SD_D0
F.Cu,111.6,146.25,111.5,146.15,0.1,0.14,SD_CMD
F.Cu,182.936,156.236,182.936,160.62,0.1,4.38,SD_CMD
F.Cu,115.5,146.25,111.6,146.25,0.1,3.9,SD_CMD
F.Cu,182.75,156.05,182.936,156.236,0.1,0.26,SD_CMD
F.Cu,187.5,157.25,188.016,157.766,0.2,0.73,SD_D1
F.Cu,188.016,157.766,188.016,160.62,0.2,2.85,SD_D1
F.Cu,92.5,157.5,92.5,71.0,0.1,86.5,AUDIO_OUT_R
F.Cu,92.5,71.0,93.0,70.5,0.1,0.71,AUDIO_OUT_R
F.Cu,93.0,70.5,145.5,70.5,0.1,52.5,AUDIO_OUT_R
F.Cu,146.75,71.75,159.05,71.75,0.1,12.3,AUDIO_OUT_R
F.Cu,145.5,70.5,146.75,71.75,0.1,1.77,AUDIO_OUT_R
F.Cu,159.05,71.75,160.4,70.4,0.1,1.91,AUDIO_OUT_R
F.Cu,109.25,159.084,97.25,159.084,0.1,12.0,AUDIO_OUT_R
F.Cu,210.929,149.6,211.727,150.398,0.1,1.13,USART1_RX
F.Cu,160.076,160.62,160.076,150.674,0.1,9.95,USART1_RX
F.Cu,226.278,102.704,224.848,101.274,0.1,2.02,USART1_RX
F.Cu,211.727,150.398,230.5,150.398,0.1,18.77,USART1_RX
F.Cu,234.634,104.81,232.528,102.704,0.1,2.98,USART1_RX
F.Cu,230.597,150.301,230.597,134.95,0.1,15.35,USART1_RX
F.Cu,224.848,101.274,224.848,97.05,0.1,4.22,USART1_RX
F.Cu,160.076,150.674,160.25,150.5,0.1,0.25,USART1_RX
F.Cu,230.597,134.95,234.634,130.913,0.1,5.71,USART1_RX
F.Cu,230.5,150.398,230.597,150.301,0.1,0.14,USART1_RX
F.Cu,234.634,130.913,234.634,104.81,0.1,26.1,USART1_RX
F.Cu,210.0,149.6,210.929,149.6,0.1,0.93,USART1_RX
F.Cu,208.0,97.0,208.0,94.0,0.1,3.0,USART1_RX
F.Cu,232.528,102.704,226.278,102.704,0.1,6.25,USART1_RX
F.Cu,190.556,120.75,190.556,117.806,0.1,2.94,+3V3_D
F.Cu,173.25,84.25,172.75,84.75,0.1,0.71,+3V3_D
F.Cu,190.556,117.806,190.25,117.5,0.1,0.43,+3V3_D
F.Cu,138.5,122.0,138.75,122.0,0.1,0.25,+3V3_D
F.Cu,172.75,84.75,165.5,84.75,0.1,7.25,+3V3_D
F.Cu,192.0,115.75,192.0,79.5,0.1,36.25,+3V3_D
F.Cu,137.25,145.75,137.25,123.25,0.1,22.5,+3V3_D
F.Cu,174.0,84.25,173.25,84.25,0.1,0.75,+3V3_D
F.Cu,138.75,122.0,168.6,122.0,0.1,29.85,+3V3_D
F.Cu,190.556,120.75,189.5,120.75,0.1,1.06,+3V3_D
F.Cu,186.25,122.0,168.6,122.0,0.1,17.65,+3V3_D
F.Cu,137.25,123.25,138.5,122.0,0.1,1.77,+3V3_D
F.Cu,190.556,145.38,190.556,120.75,0.1,24.63,+3V3_D
F.Cu,190.25,117.5,192.0,115.75,0.1,2.47,+3V3_D
F.Cu,133.0,75.75,132.699,75.449,0.1,0.43,USB_IN_MCU_N
F.Cu,187.715,143.141,187.715,137.75,0.1,5.39,USB_IN_MCU_N
F.Cu,132.75,69.95,134.5,69.95,0.1,1.75,USB_IN_MCU_N
F.Cu,132.699,75.449,132.699,71.301,0.1,4.15,USB_IN_MCU_N
F.Cu,145.25,74.55,144.05,75.75,0.1,1.7,USB_IN_MCU_N
F.Cu,132.699,71.301,132.749,71.351,0.1,0.07,USB_IN_MCU_N
F.Cu,187.715,76.715,186.75,75.75,0.1,1.36,USB_IN_MCU_N
F.Cu,185.476,145.38,187.715,143.141,0.1,3.17,USB_IN_MCU_N
F.Cu,144.05,75.75,133.0,75.75,0.1,11.05,USB_IN_MCU_N
F.Cu,132.749,71.351,132.75,71.351,0.1,0.0,USB_IN_MCU_N
F.Cu,187.715,137.75,187.715,76.715,0.1,61.04,USB_IN_MCU_N
F.Cu,133.75,74.0,133.25,73.5,0.1,0.71,USB_IN_MCU_P
F.Cu,146.25,74.0,135.25,74.0,0.1,11.0,USB_IN_MCU_P
F.Cu,188.016,75.766,187.25,75.0,0.1,1.08,USB_IN_MCU_P
F.Cu,135.25,74.0,133.75,74.0,0.1,1.5,USB_IN_MCU_P
F.Cu,188.016,145.38,188.016,75.766,0.1,69.61,USB_IN_MCU_P
F.Cu,220.0,161.9,220.5,161.4,0.2,0.71,island_001
F.Cu,220.5,161.4,220.5,159.75,0.2,1.65,island_001
F.Cu,218.5,157.5,216.225,157.5,0.2,2.28,+3V3_A
F.Cu,151.75,135.25,151.5,135.0,0.2,0.35,island_002
F.Cu,151.45,135.05,149.4,135.05,0.2,2.05,island_002
F.Cu,151.5,135.0,151.45,135.05,0.2,0.07,island_002
F.Cu,151.75,138.5,151.7,138.45,0.2,0.07,island_002
F.Cu,151.75,138.5,151.75,135.25,0.2,3.25,island_002
F.Cu,147.75,142.75,147.55,142.55,0.1,0.28,LED_1_R
F.Cu,159.986,142.75,147.75,142.75,0.1,12.24,LED_1_R
F.Cu,162.616,145.38,159.986,142.75,0.1,3.72,LED_1_R
F.Cu,142.75,136.75,144.6,136.75,0.1,1.85,LED_1_R
F.Cu,142.5,137.0,142.75,136.75,0.1,0.35,LED_1_R
F.Cu,147.55,142.55,147.55,140.5,0.1,2.05,LED_1_R
F.Cu,142.25,138.75,141.75,138.25,0.1,0.71,LED_1_B
F.Cu,142.5,143.75,142.25,143.5,0.1,0.35,LED_1_B
F.Cu,141.75,136.0,142.7,135.05,0.1,1.34,LED_1_B
F.Cu,142.25,143.5,142.25,138.75,0.1,4.75,LED_1_B
F.Cu,155.906,143.75,142.5,143.75,0.1,13.41,LED_1_B
F.Cu,157.536,145.38,155.906,143.75,0.1,2.31,LED_1_B
F.Cu,142.7,135.05,144.6,135.05,0.1,1.9,LED_1_B
F.Cu,141.75,138.25,141.75,136.0,0.1,2.25,LED_1_B
F.Cu,127.75,141.7,127.5,141.45,0.1,0.35,TAC_SWITCH_1
F.Cu,127.5,141.45,127.5,126.25,0.1,15.2,TAC_SWITCH_1
F.Cu,127.5,121.75,127.5,126.25,0.1,4.5,TAC_SWITCH_1
F.Cu,235.236,131.162,235.236,104.513,0.1,26.65,I2C_SDA
F.Cu,226.75,102.102,226.602,102.102,0.1,0.15,I2C_SDA
F.Cu,231.199,149.25,231.199,135.25,0.1,14.0,I2C_SDA
F.Cu,235.236,104.513,235.111,104.389,0.1,0.18,I2C_SDA
F.Cu,232.861,102.139,232.825,102.102,0.1,0.05,I2C_SDA
F.Cu,235.111,104.389,232.861,102.139,0.1,3.18,I2C_SDA
F.Cu,232.825,102.102,226.75,102.102,0.1,6.07,I2C_SDA
F.Cu,225.699,100.875,225.699,95.799,0.1,5.08,I2C_SDA
F.Cu,226.602,102.102,225.75,101.25,0.1,1.2,I2C_SDA
F.Cu,225.75,101.25,225.699,101.199,0.1,0.07,I2C_SDA
F.Cu,231.199,150.801,231.199,149.25,0.1,1.55,I2C_SDA
F.Cu,175.941,95.309,175.941,81.3,0.1,14.01,I2C_SDA
F.Cu,235.199,131.199,235.236,131.162,0.1,0.05,I2C_SDA
F.Cu,165.156,160.62,165.156,151.844,0.1,8.78,I2C_SDA
F.Cu,231.199,135.25,231.199,135.2,0.1,0.05,I2C_SDA
F.Cu,175.75,95.5,175.941,95.309,0.1,0.27,I2C_SDA
F.Cu,231.0,151.0,231.199,150.801,0.1,0.28,I2C_SDA
F.Cu,225.699,95.799,225.45,95.55,0.1,0.35,I2C_SDA
F.Cu,225.699,101.199,225.699,100.875,0.1,0.32,I2C_SDA
F.Cu,231.199,135.2,235.199,131.199,0.1,5.66,I2C_SDA
F.Cu,210.75,151.0,231.0,151.0,0.1,20.25,I2C_SDA
F.Cu,165.156,151.844,165.5,151.5,0.1,0.49,I2C_SDA
F.Cu,175.316,153.816,175.25,153.75,0.1,0.09,ENCR_B
F.Cu,231.0,154.0,232.5,152.5,0.1,2.12,ENCR_B
F.Cu,236.75,131.5,236.75,99.75,0.1,31.75,ENCR_B
F.Cu,175.316,160.62,175.316,153.816,0.1,6.8,ENCR_B
F.Cu,210.9,154.0,231.0,154.0,0.1,20.1,ENCR_B
F.Cu,232.5,152.5,232.5,135.75,0.1,16.75,ENCR_B
F.Cu,232.5,135.75,236.75,131.5,0.1,6.01,ENCR_B
F.Cu,209.5,148.75,209.551,148.699,0.1,0.07,AUDIO_MIC_IN_R
F.Cu,234.0,124.5,233.5,124.0,0.1,0.71,AUDIO_MIC_IN_R
F.Cu,234.0,130.5,234.0,130.25,0.1,0.25,AUDIO_MIC_IN_R
F.Cu,213.0,149.796,229.75,149.796,0.1,16.75,AUDIO_MIC_IN_R
F.Cu,209.551,148.699,211.0,148.699,0.1,1.45,AUDIO_MIC_IN_R
F.Cu,154.996,160.62,154.996,150.004,0.1,10.62,AUDIO_MIC_IN_R
F.Cu,154.996,150.004,155.25,149.75,0.1,0.36,AUDIO_MIC_IN_R
F.Cu,211.801,149.375,212.222,149.796,0.1,0.59,AUDIO_MIC_IN_R
F.Cu,229.949,149.0,229.949,134.551,0.1,14.45,AUDIO_MIC_IN_R
F.Cu,211.125,148.699,211.801,149.375,0.1,0.96,AUDIO_MIC_IN_R
F.Cu,229.949,149.597,229.949,149.0,0.1,0.6,AUDIO_MIC_IN_R
F.Cu,211.0,148.699,211.125,148.699,0.1,0.12,AUDIO_MIC_IN_R
F.Cu,234.0,130.25,234.0,124.5,0.1,5.75,AUDIO_MIC_IN_R
F.Cu,207.856,150.394,209.5,148.75,0.1,2.32,AUDIO_MIC_IN_R
F.Cu,207.572,150.394,207.856,150.394,0.1,0.28,AUDIO_MIC_IN_R
F.Cu,212.222,149.796,213.0,149.796,0.1,0.78,AUDIO_MIC_IN_R
F.Cu,229.949,134.551,230.25,134.25,0.1,0.43,AUDIO_MIC_IN_R
F.Cu,229.75,149.796,229.949,149.597,0.1,0.28,AUDIO_MIC_IN_R
F.Cu,230.25,134.25,234.0,130.5,0.1,5.3,AUDIO_MIC_IN_R
F.Cu,187.414,126.749,187.165,126.5,0.1,0.35,TAC_SWITCH_2
F.Cu,187.414,143.0,187.414,126.749,0.1,16.25,TAC_SWITCH_2
F.Cu,184.351,143.965,186.465,143.965,0.1,2.11,TAC_SWITCH_2
F.Cu,186.465,143.965,187.414,143.016,0.1,1.34,TAC_SWITCH_2
F.Cu,182.936,145.38,184.351,143.965,0.1,2.0,TAC_SWITCH_2
F.Cu,210.5,121.75,210.5,126.25,0.1,4.5,TAC_SWITCH_2
F.Cu,187.414,143.016,187.414,143.0,0.1,0.02,TAC_SWITCH_2
F.Cu,108.0,104.25,108.0,99.75,0.1,4.5,ENCL_A
F.Cu,108.5,104.75,108.0,104.25,0.1,0.71,ENCL_A
F.Cu,120.25,104.75,108.5,104.75,0.1,11.75,ENCL_A
F.Cu,147.0,138.75,146.7,138.45,0.1,0.42,LED_1_G
F.Cu,160.076,145.38,157.946,143.25,0.1,3.01,LED_1_G
F.Cu,147.25,143.25,147.0,143.0,0.1,0.35,LED_1_G
F.Cu,157.946,143.25,147.25,143.25,0.1,10.7,LED_1_G
F.Cu,147.0,143.0,147.0,138.75,0.1,4.25,LED_1_G
F.Cu,146.7,138.45,144.6,138.45,0.1,2.1,LED_1_G
F.Cu,232.199,135.551,236.25,131.5,0.1,5.73,ENCR_A
F.Cu,231.5,153.0,232.199,152.301,0.1,0.99,ENCR_A
F.Cu,236.25,131.5,236.25,104.25,0.1,27.25,ENCR_A
F.Cu,232.199,152.301,232.199,135.551,0.1,16.75,ENCR_A
F.Cu,177.856,153.106,177.75,153.0,0.1,0.15,ENCR_A
F.Cu,236.25,104.25,231.75,99.75,0.1,6.36,ENCR_A
F.Cu,210.9,153.0,231.5,153.0,0.1,20.6,ENCR_A
F.Cu,177.856,160.62,177.856,153.106,0.1,7.51,ENCR_A
F.Cu,226.801,101.801,226.0,101.0,0.1,1.13,I2C_SCL
F.Cu,209.981,151.697,231.303,151.697,0.1,21.32,I2C_SCL
F.Cu,231.5,135.324,235.537,131.287,0.1,5.71,I2C_SCL
F.Cu,231.303,151.697,231.5,151.5,0.1,0.28,I2C_SCL
F.Cu,167.696,160.62,167.696,152.804,0.1,7.82,I2C_SCL
F.Cu,235.537,104.389,232.949,101.801,0.1,3.66,I2C_SCL
F.Cu,226.0,101.0,226.0,95.0,0.1,6.0,I2C_SCL
F.Cu,231.5,151.5,231.5,135.324,0.1,16.18,I2C_SCL
F.Cu,226.0,95.0,225.75,94.75,0.1,0.35,I2C_SCL
F.Cu,167.696,152.804,168.5,152.0,0.1,1.14,I2C_SCL
F.Cu,235.537,131.287,235.537,104.389,0.1,26.9,I2C_SCL
F.Cu,232.949,101.801,226.801,101.801,0.1,6.15,I2C_SCL
F.Cu,174.095,146.699,197.051,146.699,0.1,22.96,LED_2_G
F.Cu,197.051,146.699,197.95,145.8,0.1,1.27,LED_2_G
F.Cu,194.6,141.451,194.6,138.7,0.1,2.75,LED_2_G
F.Cu,197.95,145.8,197.95,144.801,0.1,1.0,LED_2_G
F.Cu,197.95,144.801,194.6,141.451,0.1,4.74,LED_2_G
F.Cu,172.776,145.38,174.095,146.699,0.1,1.87,LED_2_G
F.Cu,154.996,145.38,157.166,147.55,0.1,3.07,LED_2_R
F.Cu,195.949,142.375,195.949,137.899,0.1,4.48,LED_2_R
F.Cu,197.125,143.551,195.949,142.375,0.1,1.66,LED_2_R
F.Cu,195.949,137.899,195.05,137.0,0.1,1.27,LED_2_R
F.Cu,198.0,144.0,197.551,143.551,0.1,0.63,LED_2_R
F.Cu,195.05,137.0,194.6,137.0,0.1,0.45,LED_2_R
F.Cu,157.166,147.55,198.0,147.55,0.1,40.83,LED_2_R
F.Cu,197.551,143.551,197.125,143.551,0.1,0.43,LED_2_R
F.Cu,171.856,147.0,173.5,147.0,0.1,1.64,LED_2_B
F.Cu,196.25,142.25,196.25,135.75,0.1,6.5,LED_2_B
F.Cu,170.236,145.38,171.856,147.0,0.1,2.29,LED_2_B
F.Cu,173.5,147.0,198.75,147.0,0.1,25.25,LED_2_B
F.Cu,198.75,147.0,199.0,147.25,0.1,0.35,LED_2_B
F.Cu,198.25,143.25,197.25,143.25,0.1,1.0,LED_2_B
F.Cu,197.25,143.25,196.25,142.25,0.1,1.41,LED_2_B
F.Cu,199.0,144.0,198.25,143.25,0.1,1.06,LED_2_B
F.Cu,196.25,135.75,195.8,135.3,0.1,0.64,LED_2_B
F.Cu,195.8,135.3,194.6,135.3,0.1,1.2,LED_2_B
F.Cu,176.0,121.0,176.75,120.25,0.1,1.06,island_003
F.Cu,176.75,120.25,176.75,120.0,0.1,0.25,island_003
F.Cu,169.162,121.25,169.25,121.337,0.1,0.12,island_004
F.Cu,167.25,121.25,169.162,121.25,0.1,1.91,island_004
F.Cu,210.25,152.45,231.624,152.45,0.1,21.37,TAC_SHIFT_R
F.Cu,231.624,152.45,231.898,152.176,0.1,0.39,TAC_SHIFT_R
F.Cu,232.912,101.338,226.838,101.338,0.1,6.07,TAC_SHIFT_R
F.Cu,172.776,152.974,173.0,152.75,0.1,0.32,TAC_SHIFT_R
F.Cu,235.949,131.301,235.949,104.375,0.1,26.93,TAC_SHIFT_R
F.Cu,235.949,104.375,232.912,101.338,0.1,4.29,TAC_SHIFT_R
F.Cu,172.776,160.62,172.776,152.974,0.1,7.65,TAC_SHIFT_R
F.Cu,231.898,152.176,231.898,135.352,0.1,16.82,TAC_SHIFT_R
F.Cu,231.898,135.352,235.949,131.301,0.1,5.73,TAC_SHIFT_R
F.Cu,226.5,63.75,226.825,63.425,0.1,0.46,TAC_SHIFT_R
F.Cu,230.101,63.526,230.0,63.425,0.1,0.14,TAC_SHIFT_R
F.Cu,226.5,101.0,226.5,63.75,0.1,37.25,TAC_SHIFT_R
F.Cu,226.838,101.338,226.5,101.0,0.1,0.48,TAC_SHIFT_R
F.Cu,226.825,63.425,230.0,63.425,0.1,3.18,TAC_SHIFT_R
F.Cu,119.0,107.0,117.25,105.25,0.1,2.47,TAC_SHIFT_L
F.Cu,152.456,147.044,152.0,147.5,0.1,0.64,TAC_SHIFT_L
F.Cu,152.0,147.5,120.0,147.5,0.1,32.0,TAC_SHIFT_L
F.Cu,120.0,147.5,119.0,146.5,0.1,1.41,TAC_SHIFT_L
F.Cu,152.456,145.38,152.456,147.044,0.1,1.66,TAC_SHIFT_L
F.Cu,102.0,99.0,102.0,73.0,0.1,26.0,TAC_SHIFT_L
F.Cu,117.25,105.25,108.25,105.25,0.1,9.0,TAC_SHIFT_L
F.Cu,108.25,105.25,102.0,99.0,0.1,8.84,TAC_SHIFT_L
F.Cu,119.0,146.5,119.0,107.0,0.1,39.5,TAC_SHIFT_L
F.Cu,213.25,80.5,216.5,80.5,0.2,3.25,island_005
F.Cu,147.75,133.25,147.5,133.5,0.2,0.35,island_006
F.Cu,149.5,132.75,149.0,133.25,0.2,0.71,island_006
F.Cu,148.0,136.75,149.4,136.75,0.2,1.4,island_006
F.Cu,147.5,136.25,148.0,136.75,0.2,0.71,island_006
F.Cu,149.0,133.25,147.75,133.25,0.2,1.25,island_006
F.Cu,147.5,133.5,147.5,136.25,0.2,2.75,island_006
F.Cu,149.4,140.4,149.4,138.45,0.2,1.95,island_007
F.Cu,149.5,140.5,149.4,140.4,0.2,0.14,island_007
F.Cu,199.5,132.75,199.4,132.85,0.2,0.14,island_008
F.Cu,201.0,137.0,201.75,136.25,0.2,1.06,island_008
F.Cu,201.75,133.25,201.25,132.75,0.2,0.71,island_008
F.Cu,201.25,132.75,199.5,132.75,0.2,1.75,island_008
F.Cu,199.4,137.0,201.0,137.0,0.2,1.6,island_008
F.Cu,201.75,136.25,201.75,133.25,0.2,3.0,island_008
F.Cu,199.4,134.85,199.4,135.3,0.2,0.45,island_009
F.Cu,200.75,133.5,199.4,134.85,0.2,1.91,island_009
F.Cu,199.4,140.85,199.4,138.7,0.2,2.15,island_010
F.Cu,199.0,141.25,199.4,140.85,0.2,0.57,island_010
B.Cu,208.0,159.5,206.5,158.0,0.1,2.12,AUDIO_OUT_L
B.Cu,152.456,160.62,151.326,161.75,0.1,1.6,AUDIO_OUT_L
B.Cu,210.25,159.5,208.0,159.5,0.1,2.25,AUDIO_OUT_L
B.Cu,151.326,161.75,98.0,161.75,0.1,53.33,AUDIO_OUT_L
B.Cu,153.05,158.0,153.0,157.95,0.1,0.07,AUDIO_OUT_L
B.Cu,206.5,158.0,153.05,158.0,0.1,53.45,AUDIO_OUT_L
B.Cu,163.051,150.949,168.949,150.949,0.1,5.9,USART1_TX
B.Cu,210.199,150.845,210.199,150.751,0.1,0.09,USART1_TX
B.Cu,169.0,151.0,169.546,151.546,0.1,0.77,USART1_TX
B.Cu,200.5,96.25,200.75,96.25,0.1,0.25,USART1_TX
B.Cu,200.5,78.0,200.5,77.15,0.1,0.85,USART1_TX
B.Cu,209.628,150.845,210.199,150.845,0.1,0.57,USART1_TX
B.Cu,169.546,151.546,169.75,151.546,0.1,0.2,USART1_TX
B.Cu,210.199,150.751,210.75,150.2,0.1,0.78,USART1_TX
B.Cu,209.129,151.344,209.611,150.861,0.1,0.68,USART1_TX
B.Cu,169.75,151.546,209.129,151.546,0.1,39.38,USART1_TX
B.Cu,201.25,78.75,200.5,78.0,0.1,1.06,USART1_TX
B.Cu,209.129,151.546,209.129,151.5,0.1,0.05,USART1_TX
B.Cu,168.949,150.949,169.0,151.0,0.1,0.07,USART1_TX
B.Cu,225.0,96.25,200.5,96.25,0.1,24.5,USART1_TX
B.Cu,209.129,151.5,209.129,151.344,0.1,0.16,USART1_TX
B.Cu,209.611,150.861,209.628,150.845,0.1,0.02,USART1_TX
B.Cu,163.0,151.0,163.051,150.949,0.1,0.07,USART1_TX
B.Cu,152.637,156.05,180.0,156.05,0.1,27.36,SD_CK
B.Cu,115.75,157.0,115.998,157.248,0.1,0.35,SD_CK
B.Cu,115.75,147.25,115.75,157.0,0.1,9.75,SD_CK
B.Cu,106.19,146.905,106.635,147.35,0.1,0.63,SD_CK
B.Cu,115.998,157.248,116.25,157.248,0.1,0.25,SD_CK
B.Cu,151.439,157.248,152.218,156.468,0.1,1.1,SD_CK
B.Cu,152.218,156.468,152.637,156.05,0.1,0.59,SD_CK
B.Cu,106.635,147.35,112.25,147.35,0.1,5.62,SD_CK
B.Cu,116.25,157.248,151.439,157.248,0.1,35.19,SD_CK
B.Cu,111.699,140.25,109.5,142.449,0.1,3.11,SD_D2
B.Cu,152.624,154.45,189.75,154.45,0.1,37.13,SD_D2
B.Cu,152.287,154.787,152.624,154.45,0.1,0.48,SD_D2
B.Cu,109.5,142.449,106.246,142.449,0.1,3.25,SD_D2
B.Cu,112.591,141.409,112.5,141.5,0.1,0.13,SD_D2
B.Cu,106.246,142.449,106.19,142.505,0.1,0.08,SD_D2
B.Cu,112.591,140.25,111.699,140.25,0.1,0.89,SD_D2
B.Cu,150.729,156.345,152.287,154.787,0.1,2.2,SD_D2
B.Cu,117.75,156.25,117.845,156.345,0.1,0.13,SD_D2
B.Cu,112.591,140.25,112.591,141.409,0.1,1.16,SD_D2
B.Cu,117.845,156.345,118.25,156.345,0.1,0.41,SD_D2
B.Cu,118.25,156.345,150.729,156.345,0.1,32.48,SD_D2
B.Cu,117.75,141.5,117.75,156.25,0.1,14.75,SD_D2
B.Cu,208.305,150.695,208.5,150.695,0.1,0.2,AUDIO_IN_L
B.Cu,161.0,150.148,168.999,150.148,0.1,8.0,AUDIO_IN_L
B.Cu,224.298,98.0,185.75,98.0,0.1,38.55,AUDIO_IN_L
B.Cu,185.75,98.0,185.25,97.5,0.1,0.71,AUDIO_IN_L
B.Cu,169.795,150.944,208.056,150.944,0.1,38.26,AUDIO_IN_L
B.Cu,158.25,150.25,158.551,149.949,0.1,0.43,AUDIO_IN_L
B.Cu,208.056,150.944,208.305,150.695,0.1,0.35,AUDIO_IN_L
B.Cu,158.551,149.949,160.801,149.949,0.1,2.25,AUDIO_IN_L
B.Cu,168.999,150.148,169.795,150.944,0.1,1.13,AUDIO_IN_L
B.Cu,160.801,149.949,161.0,150.148,0.1,0.28,AUDIO_IN_L
B.Cu,152.5,155.0,192.5,155.0,0.1,40.0,SD_D3
B.Cu,107.895,143.605,106.19,143.605,0.1,1.7,SD_D3
B.Cu,108.75,142.75,107.895,143.605,0.1,1.21,SD_D3
B.Cu,112.6,142.75,112.6,143.85,0.1,1.1,SD_D3
B.Cu,116.801,156.301,117.146,156.646,0.1,0.49,SD_D3
B.Cu,117.0,144.0,116.801,144.199,0.1,0.28,SD_D3
B.Cu,117.25,156.646,150.854,156.646,0.1,33.6,SD_D3
B.Cu,116.801,144.199,116.801,156.301,0.1,12.1,SD_D3
B.Cu,112.6,142.75,108.75,142.75,0.1,3.85,SD_D3
B.Cu,112.6,143.85,112.75,144.0,0.1,0.21,SD_D3
B.Cu,150.854,156.646,152.5,155.0,0.1,2.33,SD_D3
B.Cu,117.146,156.646,117.25,156.646,0.1,0.1,SD_D3
B.Cu,112.589,149.14,106.225,149.14,0.2,6.36,SD_D0
B.Cu,115.25,148.25,115.25,157.25,0.2,9.0,SD_D0
B.Cu,151.584,157.599,152.216,156.966,0.2,0.89,SD_D0
B.Cu,115.0,148.0,115.25,148.25,0.2,0.35,SD_D0
B.Cu,106.225,149.14,106.19,149.105,0.2,0.05,SD_D0
B.Cu,112.589,149.14,112.589,148.661,0.2,0.48,SD_D0
B.Cu,112.589,148.661,113.25,148.0,0.2,0.93,SD_D0
B.Cu,152.216,156.966,152.533,156.65,0.2,0.45,SD_D0
B.Cu,115.599,157.599,116.5,157.599,0.2,0.9,SD_D0
B.Cu,116.5,157.599,151.584,157.599,0.2,35.08,SD_D0
B.Cu,152.533,156.65,185.25,156.65,0.2,32.72,SD_D0
B.Cu,115.25,157.25,115.599,157.599,0.2,0.49,SD_D0
B.Cu,116.697,156.947,117.25,156.947,0.1,0.55,SD_CMD
B.Cu,182.199,155.499,182.75,156.05,0.1,0.78,SD_CMD
B.Cu,111.489,146.139,111.5,146.15,0.2,0.02,SD_CMD
B.Cu,115.5,146.25,115.6,146.25,0.1,0.1,SD_CMD
B.Cu,152.751,155.499,182.199,155.499,0.1,29.45,SD_CMD
B.Cu,117.25,156.947,151.303,156.947,0.1,34.05,SD_CMD
B.Cu,152.5,155.75,152.751,155.499,0.1,0.35,SD_CMD
B.Cu,151.303,156.947,152.5,155.75,0.1,1.69,SD_CMD
B.Cu,112.589,145.239,111.489,145.239,0.2,1.1,SD_CMD
B.Cu,116.5,156.75,116.697,156.947,0.1,0.28,SD_CMD
B.Cu,110.955,144.705,106.19,144.705,0.2,4.77,SD_CMD
B.Cu,116.5,156.0,116.5,156.75,0.1,0.75,SD_CMD
B.Cu,111.489,145.239,110.955,144.705,0.2,0.75,SD_CMD
B.Cu,116.5,147.15,116.5,156.0,0.1,8.85,SD_CMD
B.Cu,115.6,146.25,116.5,147.15,0.1,1.27,SD_CMD
B.Cu,111.489,145.239,111.489,146.139,0.2,0.9,SD_CMD
B.Cu,149.5,158.0,151.75,158.0,0.2,2.25,SD_D1
B.Cu,112.585,150.785,112.585,157.085,0.2,6.3,SD_D1
B.Cu,112.585,150.785,112.005,150.205,0.2,0.82,SD_D1
B.Cu,112.585,157.085,113.5,158.0,0.2,1.29,SD_D1
B.Cu,112.005,150.205,106.19,150.205,0.2,5.81,SD_D1
B.Cu,151.75,158.0,152.5,157.25,0.2,1.06,SD_D1
B.Cu,113.5,158.0,149.5,158.0,0.2,36.0,SD_D1
B.Cu,152.5,157.25,187.5,157.25,0.2,35.0,SD_D1
B.Cu,149.916,159.084,149.916,160.62,0.1,1.54,AUDIO_OUT_R
B.Cu,94.084,159.084,92.5,157.5,0.1,2.24,AUDIO_OUT_R
B.Cu,209.0,161.25,206.25,158.5,0.1,3.89,AUDIO_OUT_R
B.Cu,150.5,158.5,149.916,159.084,0.1,0.83,AUDIO_OUT_R
B.Cu,206.25,158.5,150.5,158.5,0.1,55.75,AUDIO_OUT_R
B.Cu,97.25,159.084,94.084,159.084,0.1,3.17,AUDIO_OUT_R
B.Cu,149.916,159.084,109.25,159.084,0.1,40.67,AUDIO_OUT_R
B.Cu,210.25,161.25,209.0,161.25,0.1,1.25,AUDIO_OUT_R
B.Cu,216.85,78.5,218.25,78.5,0.2,1.4,island_011
B.Cu,218.25,78.5,219.0,79.25,0.2,1.06,island_011
B.Cu,216.925,74.5,216.925,76.4,0.2,1.9,island_011
B.Cu,216.925,76.4,216.825,76.5,0.2,0.14,island_011
B.Cu,218.27,87.23,215.06,87.23,0.2,3.21,island_011
B.Cu,216.825,76.5,216.825,78.475,0.2,1.97,island_011
B.Cu,216.825,78.475,216.85,78.5,0.2,0.04,island_011
B.Cu,219.0,79.25,219.0,86.5,0.2,7.25,island_011
B.Cu,219.0,86.5,218.27,87.23,0.2,1.03,island_011
B.Cu,214.925,84.765,215.08,84.92,0.2,0.22,island_012
B.Cu,214.75,78.75,214.925,78.925,0.2,0.25,island_012
B.Cu,214.75,78.5,214.75,78.75,0.2,0.25,island_012
B.Cu,214.925,78.925,214.925,81.75,0.2,2.83,island_012
B.Cu,214.925,81.75,214.925,84.765,0.2,3.02,island_012
B.Cu,215.175,70.575,215.5,70.25,0.2,0.46,island_013
B.Cu,215.175,76.5,215.175,70.575,0.2,5.92,island_013
B.Cu,205.675,80.0,205.675,70.425,0.2,9.58,island_014
B.Cu,218.575,74.5,218.575,70.325,0.2,4.17,island_014
B.Cu,216.25,68.0,206.5,68.0,0.2,9.75,island_014
B.Cu,205.675,70.425,205.5,70.25,0.2,0.25,island_014
B.Cu,206.5,68.0,205.5,69.0,0.2,1.41,island_014
B.Cu,205.5,69.0,205.5,70.25,0.2,1.25,island_014
B.Cu,218.575,70.325,216.25,68.0,0.2,3.29,island_014
B.Cu,210.0,150.5,210.0,150.171,0.1,0.33,USART1_RX
B.Cu,208.0,94.0,208.0,93.25,0.1,0.75,USART1_RX
B.Cu,209.398,150.648,209.547,150.5,0.1,0.21,USART1_RX
B.Cu,208.0,93.25,207.825,93.075,0.1,0.25,USART1_RX
B.Cu,168.875,150.449,169.671,151.245,0.1,1.13,USART1_RX
B.Cu,209.547,150.5,210.0,150.5,0.1,0.45,USART1_RX
B.Cu,210.0,150.171,210.0,149.6,0.1,0.57,USART1_RX
B.Cu,224.848,97.05,208.05,97.05,0.1,16.8,USART1_RX
B.Cu,160.25,150.5,160.301,150.449,0.1,0.07,USART1_RX
B.Cu,160.301,150.449,168.875,150.449,0.1,8.57,USART1_RX
B.Cu,207.825,93.075,207.825,92.0,0.1,1.08,USART1_RX
B.Cu,207.88,91.945,207.825,92.0,0.2,0.08,USART1_RX
B.Cu,208.802,151.245,209.398,150.648,0.1,0.84,USART1_RX
B.Cu,169.671,151.245,208.802,151.245,0.1,39.13,USART1_RX
B.Cu,207.88,89.52,207.88,91.945,0.2,2.42,USART1_RX
B.Cu,208.05,97.05,208.0,97.0,0.1,0.07,USART1_RX
B.Cu,171.15,122.387,171.95,121.587,0.1,1.13,island_015
B.Cu,222.935,156.955,222.61,157.28,0.1,0.46,island_016
B.Cu,135.564,71.787,135.352,72.0,0.1,0.3,island_017
B.Cu,135.5,73.0,138.4,73.0,0.1,2.9,island_017
B.Cu,135.352,72.0,135.352,72.852,0.1,0.85,island_017
B.Cu,170.475,122.387,171.15,122.387,0.1,0.68,island_015
B.Cu,147.376,160.62,107.37,160.62,0.1,40.01,GND/SWB/~
B.Cu,107.37,160.62,106.19,159.44,0.1,1.67,GND/SWB/~
B.Cu,171.95,121.889,171.95,121.587,0.1,0.3,island_015
B.Cu,138.4,73.0,138.5,72.9,0.1,0.14,island_017
B.Cu,222.935,157.605,222.61,157.28,0.1,0.46,island_016
B.Cu,139.95,69.55,139.75,69.75,0.1,0.28,island_018
B.Cu,207.88,87.23,207.9,87.25,0.1,0.03,island_019
B.Cu,178.125,118.955,178.955,118.955,0.1,0.83,island_020
B.Cu,139.95,68.255,139.95,69.5,0.1,1.25,island_018
B.Cu,106.19,159.44,106.19,151.155,0.1,8.28,GND/SWB/~
B.Cu,173.425,122.787,172.848,122.787,0.1,0.58,island_015
B.Cu,224.76,157.605,222.935,157.605,0.1,1.82,island_016
B.Cu,133.55,68.255,133.005,68.255,0.1,0.54,island_021
B.Cu,224.76,156.955,222.935,156.955,0.1,1.82,island_016
B.Cu,133.005,68.255,132.43,67.68,0.1,0.81,island_021
B.Cu,135.352,72.852,135.5,73.0,0.1,0.21,island_017
B.Cu,172.848,122.787,171.95,121.889,0.1,1.27,island_015
B.Cu,136.275,71.787,135.564,71.787,0.1,0.71,island_017
B.Cu,170.475,121.587,171.95,121.587,0.1,1.47,island_015
B.Cu,207.9,87.25,209.75,87.25,0.1,1.85,island_019
B.Cu,173.425,121.587,171.95,121.587,0.1,1.47,island_015
B.Cu,173.425,122.787,173.425,123.425,0.1,0.64,island_015
B.Cu,173.425,123.425,173.5,123.5,0.1,0.11,island_015
B.Cu,106.19,145.805,108.555,145.805,0.2,2.36,+3V3_D
B.Cu,169.25,84.75,169.25,86.712,0.2,1.96,+3V3_D
B.Cu,120.0,147.5,136.0,147.5,0.1,16.0,+3V3_D
B.Cu,114.25,143.0,114.239,143.011,0.1,0.01,+3V3_D
B.Cu,205.25,84.92,192.67,84.92,0.1,12.58,+3V3_D
B.Cu,190.25,117.5,190.01,117.26,0.1,0.34,+3V3_D
B.Cu,192.15,77.625,192.025,77.75,0.2,0.18,+3V3_D
B.Cu,165.5,84.75,169.25,84.75,0.1,3.75,+3V3_D
B.Cu,119.0,146.5,120.0,147.5,0.1,1.41,+3V3_D
B.Cu,192.15,76.0,192.15,77.625,0.2,1.62,+3V3_D
B.Cu,109.5,146.75,114.239,146.75,0.2,4.74,+3V3_D
B.Cu,114.235,149.144,114.239,149.14,0.2,0.01,+3V3_D
B.Cu,114.235,150.785,114.235,149.144,0.2,1.64,+3V3_D
B.Cu,114.241,142.741,114.25,142.75,0.1,0.01,+3V3_D
B.Cu,192.0,84.25,174.0,84.25,0.1,18.0,+3V3_D
B.Cu,114.239,149.14,114.239,146.75,0.2,2.39,+3V3_D
B.Cu,189.5,120.75,187.5,120.75,0.1,2.0,+3V3_D
B.Cu,119.0,141.0,119.0,146.5,0.1,5.5,+3V3_D
B.Cu,205.75,92.0,205.25,91.5,0.1,0.71,+3V3_D
B.Cu,114.239,143.011,114.239,145.239,0.1,2.23,+3V3_D
B.Cu,108.555,145.805,109.5,146.75,0.2,1.34,+3V3_D
B.Cu,114.241,140.25,118.25,140.25,0.1,4.01,+3V3_D
B.Cu,207.89,84.92,205.25,84.92,0.1,2.64,+3V3_D
B.Cu,137.25,146.25,137.25,145.75,0.1,0.5,+3V3_D
B.Cu,136.0,147.5,137.25,146.25,0.1,1.77,+3V3_D
B.Cu,205.25,91.5,205.25,84.92,0.1,6.58,+3V3_D
B.Cu,192.025,79.475,192.025,77.75,0.1,1.72,+3V3_D
B.Cu,169.25,86.712,169.213,86.75,0.2,0.05,+3V3_D
B.Cu,168.612,121.987,170.475,121.987,0.1,1.86,+3V3_D
B.Cu,114.25,142.75,114.25,143.0,0.1,0.25,+3V3_D
B.Cu,114.241,140.25,114.241,142.741,0.1,2.49,+3V3_D
B.Cu,206.175,92.0,205.75,92.0,0.1,0.42,+3V3_D
B.Cu,190.01,117.26,178.15,117.26,0.1,11.86,+3V3_D
B.Cu,192.0,79.5,192.025,79.475,0.1,0.04,+3V3_D
B.Cu,118.75,140.75,119.0,141.0,0.1,0.35,+3V3_D
B.Cu,192.0,84.25,192.0,79.5,0.1,4.75,+3V3_D
B.Cu,168.6,122.0,168.612,121.987,0.1,0.02,+3V3_D
B.Cu,192.67,84.92,192.0,84.25,0.1,0.95,+3V3_D
B.Cu,118.25,140.25,118.75,140.75,0.1,0.71,+3V3_D
B.Cu,187.5,120.75,186.25,122.0,0.1,1.77,+3V3_D
B.Cu,114.239,146.75,114.239,145.239,0.2,1.51,+3V3_D
B.Cu,135.547,66.599,138.069,66.599,0.2,2.52,island_022
B.Cu,138.069,66.599,139.15,67.68,0.2,1.53,island_022
B.Cu,133.787,71.787,133.5,71.5,0.2,0.41,island_022
B.Cu,134.35,68.9,134.35,68.255,0.2,0.64,island_022
B.Cu,139.15,67.68,139.15,68.255,0.2,0.57,island_022
B.Cu,134.35,68.255,134.35,67.796,0.2,0.46,island_022
B.Cu,133.5,69.75,134.35,68.9,0.2,1.2,island_022
B.Cu,133.5,71.5,133.5,69.75,0.2,1.75,island_022
B.Cu,134.35,67.796,135.547,66.599,0.2,1.69,island_022
B.Cu,134.425,71.787,133.787,71.787,0.2,0.64,island_022
B.Cu,147.051,75.301,146.301,74.551,0.1,1.06,USB_IN_MCU_N
B.Cu,134.5,69.95,134.5,71.25,0.1,1.3,USB_IN_MCU_N
B.Cu,146.021,74.55,145.25,74.55,0.1,0.77,USB_IN_MCU_N
B.Cu,146.301,74.551,146.022,74.551,0.1,0.28,USB_IN_MCU_N
B.Cu,132.75,71.351,132.75,69.95,0.1,1.4,USB_IN_MCU_N
B.Cu,186.75,75.75,186.301,75.301,0.1,0.63,USB_IN_MCU_N
B.Cu,186.301,75.301,147.051,75.301,0.1,39.25,USB_IN_MCU_N
B.Cu,146.022,74.551,146.021,74.55,0.1,0.0,USB_IN_MCU_N
B.Cu,133.25,73.5,133.25,72.5,0.1,1.0,USB_IN_MCU_P
B.Cu,133.25,72.5,133.425,72.325,0.1,0.25,USB_IN_MCU_P
B.Cu,187.25,75.0,147.25,75.0,0.1,40.0,USB_IN_MCU_P
B.Cu,133.425,72.325,134.5,72.325,0.1,1.08,USB_IN_MCU_P
B.Cu,147.25,75.0,146.25,74.0,0.1,1.41,USB_IN_MCU_P
B.Cu,234.1,151.9,234.0,152.0,0.2,0.14,island_023
B.Cu,234.05,146.45,234.1,146.5,0.2,0.07,island_023
B.Cu,234.1,140.0,234.05,139.95,0.2,0.07,island_023
B.Cu,234.1,146.5,234.1,151.9,0.2,5.4,island_023
B.Cu,234.05,139.95,234.05,146.45,0.2,6.5,island_023
B.Cu,220.075,154.5,221.25,154.5,0.2,1.18,island_024
B.Cu,220.075,139.175,220.75,138.5,0.2,0.95,island_024
B.Cu,221.486,154.736,221.486,156.654,0.2,1.92,island_024
B.Cu,221.486,156.654,221.185,156.955,0.2,0.43,island_024
B.Cu,238.0,138.5,239.45,139.95,0.2,2.05,island_024
B.Cu,221.25,154.5,221.486,154.736,0.2,0.33,island_024
B.Cu,221.185,156.955,220.46,156.955,0.2,0.72,island_024
B.Cu,220.75,138.5,238.0,138.5,0.2,17.25,island_024
B.Cu,220.075,154.5,220.075,139.175,0.2,15.33,island_024
B.Cu,244.0,139.95,244.0,140.2,0.2,0.25,island_025
B.Cu,243.925,140.025,244.0,139.95,0.2,0.11,island_025
B.Cu,243.925,146.5,243.925,140.025,0.2,6.47,island_025
B.Cu,244.0,140.2,243.925,140.275,0.2,0.11,island_025
B.Cu,243.925,146.675,244.0,146.75,0.2,0.11,island_025
B.Cu,244.0,146.75,244.0,152.0,0.2,5.25,island_025
B.Cu,243.925,146.5,243.925,146.675,0.2,0.17,island_025
B.Cu,220.5,158.295,220.46,158.255,0.2,0.06,island_001
B.Cu,220.5,159.75,220.5,158.295,0.2,1.46,island_001
B.Cu,220.5,161.9,220.699,162.099,0.2,0.28,island_001
B.Cu,247.75,161.25,249.4,159.6,0.2,2.33,island_001
B.Cu,222.226,162.099,223.075,161.25,0.2,1.2,island_001
B.Cu,223.075,161.25,247.75,161.25,0.2,24.68,island_001
B.Cu,220.699,162.099,222.226,162.099,0.2,1.53,island_001
B.Cu,249.4,159.6,249.4,139.95,0.2,19.65,island_001
B.Cu,220.0,161.9,220.5,161.9,0.2,0.5,island_001
B.Cu,135.5,69.102,135.5,68.255,0.1,0.85,island_026
B.Cu,135.5,74.1,135.5,74.0,0.1,0.1,island_026
B.Cu,135.051,69.551,135.5,69.102,0.1,0.63,island_026
B.Cu,135.051,73.551,135.051,69.551,0.1,4.0,island_026
B.Cu,135.5,74.0,135.051,73.551,0.1,0.63,island_026
B.Cu,138.5,71.25,138.5,68.255,0.2,3.0,island_027
B.Cu,136.2,72.325,137.175,72.325,0.1,0.97,island_028
B.Cu,137.175,72.325,137.5,72.0,0.1,0.46,island_028
B.Cu,137.5,67.25,137.5,68.255,0.2,1.0,island_028
B.Cu,137.5,72.0,137.5,68.255,0.1,3.75,island_028
B.Cu,136.5,67.25,136.75,67.0,0.2,0.35,island_028
B.Cu,136.5,68.255,136.5,67.25,0.2,1.01,island_028
B.Cu,136.75,67.0,137.25,67.0,0.2,0.5,island_028
B.Cu,137.25,67.0,137.5,67.25,0.2,0.35,island_028
B.Cu,137.0,70.75,137.0,68.255,0.2,2.5,island_029
B.Cu,136.2,71.25,136.0,71.05,0.2,0.28,island_029
B.Cu,136.2,71.25,136.5,71.25,0.2,0.3,island_029
B.Cu,136.0,71.05,136.0,68.255,0.2,2.8,island_029
B.Cu,136.5,71.25,137.0,70.75,0.2,0.71,island_029
B.Cu,219.055,156.305,218.425,155.675,0.2,0.89,island_030
B.Cu,216.825,154.925,217.25,154.5,0.2,0.6,island_030
B.Cu,220.46,156.305,219.055,156.305,0.2,1.41,island_030
B.Cu,217.25,154.5,218.425,154.5,0.2,1.17,island_030
B.Cu,216.825,159.5,216.825,154.925,0.2,4.58,island_030
B.Cu,218.425,155.675,218.425,154.5,0.2,1.17,island_030
B.Cu,224.76,156.305,226.92,156.305,0.2,2.16,island_031
B.Cu,226.92,156.305,226.975,156.25,0.2,0.08,island_031
B.Cu,221.425,160.575,221.425,161.25,0.2,0.68,island_032
B.Cu,222.0,160.0,221.425,160.575,0.2,0.81,island_032
B.Cu,224.76,158.255,224.76,159.24,0.2,0.98,island_032
B.Cu,221.425,161.25,216.825,161.25,0.2,4.6,island_032
B.Cu,224.76,159.24,224.0,160.0,0.2,1.07,island_032
B.Cu,224.0,160.0,222.0,160.0,0.2,2.0,island_032
B.Cu,218.605,157.605,218.5,157.5,0.2,0.15,+3V3_A
B.Cu,147.376,148.376,147.376,145.38,0.2,3.0,+3V3_A
B.Cu,148.0,149.0,147.376,148.376,0.2,0.88,+3V3_A
B.Cu,220.46,157.605,218.605,157.605,0.2,1.85,+3V3_A
B.Cu,211.5,156.0,211.5,149.5,0.2,6.5,+3V3_A
B.Cu,215.0,157.525,213.025,157.525,0.2,1.98,+3V3_A
B.Cu,211.0,149.0,148.0,149.0,0.2,63.0,+3V3_A
B.Cu,213.025,157.525,211.5,156.0,0.2,2.16,+3V3_A
B.Cu,216.225,157.5,215.025,157.5,0.2,1.2,+3V3_A
B.Cu,211.5,149.5,211.0,149.0,0.2,0.71,+3V3_A
B.Cu,215.025,157.5,215.0,157.525,0.2,0.04,+3V3_A
B.Cu,215.175,159.5,211.8,159.5,0.2,3.38,island_033
B.Cu,211.8,161.25,215.175,161.25,0.2,3.38,island_034
B.Cu,153.175,138.5,151.75,138.5,0.2,1.42,island_002
B.Cu,143.0,140.5,147.55,140.5,0.1,4.55,LED_1_R
B.Cu,142.5,140.0,143.0,140.5,0.1,0.71,LED_1_R
B.Cu,142.5,137.0,142.5,140.0,0.1,3.0,LED_1_R
B.Cu,179.45,141.7,127.75,141.7,0.1,51.7,TAC_SWITCH_1
B.Cu,180.396,145.38,180.396,142.646,0.1,2.73,TAC_SWITCH_1
B.Cu,180.396,142.646,179.75,142.0,0.1,0.91,TAC_SWITCH_1
B.Cu,179.75,142.0,179.45,141.7,0.1,0.42,TAC_SWITCH_1
B.Cu,165.551,151.449,168.875,151.449,0.1,3.32,I2C_SDA
B.Cu,168.875,151.449,169.273,151.847,0.1,0.56,I2C_SDA
B.Cu,209.405,151.847,209.43,151.822,0.1,0.04,I2C_SDA
B.Cu,210.407,151.343,210.75,151.0,0.1,0.49,I2C_SDA
B.Cu,209.43,151.468,209.753,151.146,0.1,0.46,I2C_SDA
B.Cu,209.753,151.146,210.209,151.146,0.1,0.46,I2C_SDA
B.Cu,175.8,95.55,175.75,95.5,0.1,0.07,I2C_SDA
B.Cu,225.45,95.55,175.8,95.55,0.1,49.65,I2C_SDA
B.Cu,210.209,151.146,210.407,151.343,0.1,0.28,I2C_SDA
B.Cu,165.5,151.5,165.551,151.449,0.1,0.07,I2C_SDA
B.Cu,209.43,151.822,209.43,151.468,0.1,0.35,I2C_SDA
B.Cu,169.273,151.847,209.405,151.847,0.1,40.13,I2C_SDA
B.Cu,210.65,153.75,210.9,154.0,0.1,0.35,ENCR_B
B.Cu,175.25,153.75,210.65,153.75,0.1,35.4,ENCR_B
B.Cu,161.051,149.648,161.25,149.847,0.1,0.28,AUDIO_MIC_IN_R
B.Cu,169.124,149.847,169.92,150.643,0.1,1.13,AUDIO_MIC_IN_R
B.Cu,155.352,149.648,161.051,149.648,0.1,5.7,AUDIO_MIC_IN_R
B.Cu,169.92,150.643,207.323,150.643,0.1,37.4,AUDIO_MIC_IN_R
B.Cu,233.5,124.0,179.782,124.0,0.1,53.72,AUDIO_MIC_IN_R
B.Cu,155.25,149.75,155.352,149.648,0.1,0.14,AUDIO_MIC_IN_R
B.Cu,179.782,124.0,178.14,122.358,0.1,2.32,AUDIO_MIC_IN_R
B.Cu,207.323,150.643,207.572,150.394,0.1,0.35,AUDIO_MIC_IN_R
B.Cu,161.25,149.847,169.124,149.847,0.1,7.87,AUDIO_MIC_IN_R
B.Cu,187.415,126.25,210.5,126.25,0.1,23.09,TAC_SWITCH_2
B.Cu,187.165,126.5,187.415,126.25,0.1,0.35,TAC_SWITCH_2
B.Cu,177.856,145.38,177.856,143.106,0.1,2.27,ENCL_A
B.Cu,177.0,142.25,121.0,142.25,0.1,56.0,ENCL_A
B.Cu,177.25,142.5,177.0,142.25,0.1,0.35,ENCL_A
B.Cu,121.0,142.25,121.0,105.5,0.1,36.75,ENCL_A
B.Cu,121.0,105.5,120.25,104.75,0.1,1.06,ENCL_A
B.Cu,177.856,143.106,177.25,142.5,0.1,0.86,ENCL_A
B.Cu,177.75,153.0,210.9,153.0,0.1,33.15,ENCR_A
B.Cu,168.648,152.148,186.0,152.148,0.1,17.35,I2C_SCL
B.Cu,173.401,92.651,173.401,81.3,0.1,11.35,I2C_SCL
B.Cu,168.5,152.0,168.648,152.148,0.1,0.21,I2C_SCL
B.Cu,225.75,94.75,175.5,94.75,0.1,50.25,I2C_SCL
B.Cu,209.53,152.148,209.981,151.697,0.1,0.64,I2C_SCL
B.Cu,186.0,152.148,209.53,152.148,0.1,23.53,I2C_SCL
B.Cu,175.5,94.75,173.401,92.651,0.1,2.97,I2C_SCL
B.Cu,120.0,142.5,120.0,106.75,0.1,35.75,ENCL_B
B.Cu,175.316,145.38,175.316,143.066,0.1,2.31,ENCL_B
B.Cu,120.0,106.75,113.0,99.75,0.1,9.9,ENCL_B
B.Cu,175.316,143.066,175.0,142.75,0.1,0.45,ENCL_B
B.Cu,175.0,142.75,120.25,142.75,0.1,54.75,ENCL_B
B.Cu,120.25,142.75,120.0,142.5,0.1,0.35,ENCL_B
B.Cu,198.0,147.55,198.0,144.0,0.1,3.55,LED_2_R
B.Cu,199.0,147.25,199.0,144.0,0.1,3.25,LED_2_B
B.Cu,175.75,116.0,175.75,119.324,0.1,3.32,island_035
B.Cu,175.75,119.324,174.687,120.387,0.1,1.5,island_035
B.Cu,176.226,115.524,175.75,116.0,0.1,0.67,island_035
B.Cu,174.687,120.387,173.425,120.387,0.1,1.26,island_035
B.Cu,176.725,115.524,176.226,115.524,0.1,0.5,island_035
B.Cu,176.75,120.0,177.087,120.0,0.1,0.34,island_003
B.Cu,177.087,120.0,177.725,120.638,0.1,0.9,island_003
B.Cu,175.812,121.188,176.0,121.0,0.1,0.27,island_003
B.Cu,173.425,121.188,175.812,121.188,0.1,2.39,island_003
B.Cu,169.25,121.337,169.4,121.188,0.1,0.21,island_004
B.Cu,169.4,121.188,170.475,121.188,0.1,1.07,island_004
B.Cu,165.775,121.25,167.25,121.25,0.1,1.47,island_004
B.Cu,170.5,122.813,170.475,122.813,0.2,0.03,island_036
B.Cu,170.5,124.25,170.5,122.813,0.2,1.44,island_036
B.Cu,171.225,124.5,170.75,124.5,0.2,0.47,island_036
B.Cu,170.75,124.5,170.5,124.25,0.2,0.35,island_036
B.Cu,172.775,126.2,172.825,126.25,0.2,0.07,island_037
B.Cu,172.863,131.0,172.863,126.288,0.2,4.71,island_037
B.Cu,172.775,124.5,172.775,126.2,0.2,1.7,island_037
B.Cu,172.863,126.288,172.825,126.25,0.2,0.05,island_037
B.Cu,176.59,122.358,176.561,122.387,0.1,0.04,island_038
B.Cu,176.561,122.387,173.425,122.387,0.1,3.14,island_038
B.Cu,175.199,121.551,176.449,121.551,0.1,1.25,island_039
B.Cu,174.713,120.787,173.425,120.787,0.1,1.29,island_039
B.Cu,176.75,120.971,175.75,119.971,0.1,1.41,island_039
B.Cu,174.762,121.987,175.199,121.551,0.1,0.62,island_039
B.Cu,176.545,118.955,175.75,119.75,0.1,1.12,island_039
B.Cu,175.75,119.971,175.75,119.75,0.1,0.22,island_039
B.Cu,176.75,121.25,176.75,120.971,0.1,0.28,island_039
B.Cu,176.575,118.955,176.575,118.955,0.1,0.0,island_039
B.Cu,176.575,118.955,176.545,118.955,0.1,0.03,island_039
B.Cu,176.575,117.26,176.575,118.955,0.1,1.69,island_039
B.Cu,176.449,121.551,176.75,121.25,0.1,0.43,island_039
B.Cu,173.425,121.987,174.762,121.987,0.1,1.34,island_039
B.Cu,175.75,119.75,174.713,120.787,0.1,1.47,island_039
B.Cu,170.787,84.862,170.9,84.75,0.2,0.16,island_040
B.Cu,170.8,88.5,170.8,86.763,0.2,1.74,island_040
B.Cu,170.8,86.763,170.787,86.75,0.2,0.02,island_040
B.Cu,170.8,88.5,170.8,93.85,0.2,5.35,island_040
B.Cu,170.8,93.85,170.65,94.0,0.2,0.21,island_040
B.Cu,170.861,81.3,170.861,84.711,0.2,3.41,island_040
B.Cu,170.861,84.711,170.9,84.75,0.2,0.06,island_040
B.Cu,170.787,86.75,170.787,84.862,0.2,1.89,island_040
B.Cu,210.249,152.449,210.25,152.45,0.1,0.0,TAC_SHIFT_R
B.Cu,173.0,152.75,173.301,152.449,0.1,0.43,TAC_SHIFT_R
B.Cu,173.301,152.449,210.249,152.449,0.1,36.95,TAC_SHIFT_R
B.Cu,102.0,73.0,102.0,64.0,0.1,9.0,TAC_SHIFT_L
B.Cu,102.325,63.675,110.25,63.675,0.1,7.93,TAC_SHIFT_L
B.Cu,102.0,64.0,102.325,63.675,0.1,0.46,TAC_SHIFT_L
B.Cu,172.825,115.25,172.825,117.0,0.1,1.75,island_041
B.Cu,172.825,117.675,172.5,118.0,0.1,0.46,island_041
B.Cu,172.825,117.0,172.825,117.675,0.1,0.67,island_041
B.Cu,170.475,118.275,170.475,120.387,0.1,2.11,island_041
B.Cu,172.5,118.0,170.75,118.0,0.1,1.75,island_041
B.Cu,170.75,118.0,170.475,118.275,0.1,0.39,island_041
B.Cu,171.175,126.25,169.0,126.25,0.2,2.17,island_042
B.Cu,168.0,125.25,168.0,121.0,0.2,4.25,island_042
B.Cu,168.287,120.787,170.475,120.787,0.1,2.19,island_042
B.Cu,168.25,117.5,168.25,120.75,0.1,3.25,island_042
B.Cu,168.75,117.0,168.25,117.5,0.1,0.71,island_042
B.Cu,169.0,126.25,168.0,125.25,0.2,1.41,island_042
B.Cu,168.0,121.0,168.25,120.75,0.2,0.35,island_042
B.Cu,168.25,120.75,168.287,120.787,0.1,0.05,island_042
B.Cu,171.175,117.0,168.75,117.0,0.1,2.42,island_042
B.Cu,189.25,129.75,189.0,130.0,0.2,0.35,+9V_FILT
B.Cu,156.825,129.675,157.0,129.5,0.2,0.25,+9V_FILT
B.Cu,157.0,129.5,157.0,126.2,0.2,3.3,+9V_FILT
B.Cu,189.0,130.0,189.0,137.0,0.2,7.0,+9V_FILT
B.Cu,189.0,137.0,189.0,137.809,0.2,0.81,+9V_FILT
B.Cu,149.5,129.675,142.9,129.675,0.2,6.6,+9V_FILT
B.Cu,199.5,129.75,189.25,129.75,0.2,10.25,+9V_FILT
B.Cu,156.9,89.25,156.9,82.638,0.2,6.61,+9V_FILT
B.Cu,204.325,130.825,203.25,129.75,0.2,1.52,+9V_FILT
B.Cu,142.9,129.675,142.825,129.75,0.2,0.11,+9V_FILT
B.Cu,155.5,138.5,154.825,138.5,0.2,0.68,+9V_FILT
B.Cu,157.0,126.2,156.9,126.1,0.2,0.14,+9V_FILT
B.Cu,193.096,141.904,193.096,145.38,0.2,3.48,+9V_FILT
B.Cu,204.325,137.175,204.325,130.825,0.2,6.35,+9V_FILT
B.Cu,157.0,137.0,155.5,138.5,0.2,2.12,+9V_FILT
B.Cu,203.25,129.75,199.5,129.75,0.2,3.75,+9V_FILT
B.Cu,189.0,137.0,157.0,137.0,0.2,32.0,+9V_FILT
B.Cu,156.9,89.25,156.9,126.1,0.2,36.85,+9V_FILT
B.Cu,149.5,129.675,156.825,129.675,0.2,7.32,+9V_FILT
B.Cu,156.9,82.638,157.037,82.5,0.2,0.19,+9V_FILT
B.Cu,157.0,137.0,157.0,129.5,0.2,7.5,+9V_FILT
B.Cu,189.0,137.809,193.096,141.904,0.2,5.79,+9V_FILT
B.Cu,154.0,77.0,152.0,77.0,0.2,2.0,island_043
B.Cu,155.463,78.513,155.45,78.5,0.2,0.02,island_043
B.Cu,155.45,78.45,154.0,77.0,0.2,2.05,island_043
B.Cu,151.145,77.855,151.145,78.5,0.2,0.65,island_043
B.Cu,148.5,78.5,151.145,78.5,0.2,2.64,island_043
B.Cu,152.0,77.0,151.145,77.855,0.2,1.21,island_043
B.Cu,155.45,78.5,155.45,78.45,0.2,0.05,island_043
B.Cu,155.463,82.5,155.463,78.513,0.2,3.99,island_043
B.Cu,144.4,65.65,144.4,71.65,0.2,6.0,island_044
B.Cu,146.4,78.5,144.25,76.35,0.2,3.04,island_044
B.Cu,144.25,76.35,144.25,71.8,0.2,4.55,island_044
B.Cu,144.25,71.8,144.4,71.65,0.2,0.21,island_044
B.Cu,146.4,81.5,146.4,78.5,0.2,3.0,island_044
B.Cu,143.0,81.75,144.25,83.0,0.2,1.77,island_045
B.Cu,131.795,81.75,143.0,81.75,0.2,11.21,island_045
B.Cu,153.25,82.0,153.25,81.5,0.2,0.5,island_045
B.Cu,144.25,83.0,152.25,83.0,0.2,8.0,island_045
B.Cu,153.245,78.5,153.245,81.495,0.2,2.99,island_045
B.Cu,126.775,76.73,131.795,81.75,0.2,7.1,island_045
B.Cu,153.245,81.495,153.25,81.5,0.2,0.01,island_045
B.Cu,152.25,83.0,153.25,82.0,0.2,1.41,island_045
B.Cu,216.5,81.675,216.575,81.75,0.2,0.11,island_005
B.Cu,216.5,80.5,216.5,81.675,0.2,1.17,island_005
B.Cu,207.825,80.5,213.25,80.5,0.2,5.43,island_005
B.Cu,207.325,80.0,207.825,80.5,0.2,0.71,island_005
B.Cu,200.5,75.5,200.5,70.25,0.2,5.25,island_046
B.Cu,190.5,76.0,190.5,70.25,0.2,5.75,island_047
B.Cu,153.15,71.65,155.4,71.65,0.2,2.25,island_048
B.Cu,152.0,70.5,153.15,71.65,0.2,1.63,island_048
B.Cu,152.0,63.201,152.0,70.5,0.2,7.3,island_048
B.Cu,150.5,61.701,152.0,63.201,0.2,2.12,island_048
B.Cu,131.049,61.701,150.5,61.701,0.2,19.45,island_048
B.Cu,130.75,62.0,131.049,61.701,0.2,0.42,island_048
B.Cu,126.775,72.92,126.775,67.725,0.2,5.2,island_048
B.Cu,130.75,63.75,130.75,62.0,0.2,1.75,island_048
B.Cu,126.775,67.725,130.75,63.75,0.2,5.62,island_048
B.Cu,149.5,131.325,149.5,132.75,0.2,1.43,island_006
B.Cu,141.175,141.175,141.349,141.349,0.2,0.25,island_007
B.Cu,149.25,140.75,149.5,140.5,0.2,0.35,island_007
B.Cu,141.175,129.75,141.175,136.425,0.2,6.67,island_007
B.Cu,141.175,136.425,141.175,141.175,0.2,4.75,island_007
B.Cu,141.349,141.349,149.25,141.349,0.2,7.9,island_007
B.Cu,149.25,141.349,149.25,140.75,0.2,0.6,island_007
B.Cu,199.5,131.4,199.5,132.75,0.2,1.35,island_008
B.Cu,202.5,134.5,201.5,133.5,0.2,1.41,island_009
B.Cu,202.825,138.825,202.5,138.5,0.2,0.46,island_009
B.Cu,202.5,138.5,202.5,134.5,0.2,4.0,island_009
B.Cu,204.325,138.825,202.825,138.825,0.2,1.5,island_009
B.Cu,201.5,133.5,200.75,133.5,0.2,0.75,island_009
B.Cu,190.65,138.4,193.5,141.25,0.2,4.03,island_010
B.Cu,190.65,137.0,190.65,138.4,0.2,1.4,island_010
B.Cu,193.5,141.25,199.0,141.25,0.2,5.5,island_010
